dateTime,t+1,t+2,t+3,t+4
2024-01-24 10:00:00,2.3094892162361553,2.2545926335273583,2.5607528817005476,2.5256636564496358
2024-01-24 11:00:00,2.246355571688374,2.1975571543613976,2.5099743971496777,2.4805125116677122
2024-01-24 12:00:00,2.2115205587219067,2.1639928526081014,2.4778692779193894,2.448371242269353
2024-01-24 13:00:00,2.1778045269273716,2.1297563878725003,2.4433115984258698,2.4110668430758326
2024-01-24 14:00:00,2.132183626772365,2.0828247048313466,2.3955027523760823,2.359109904041804
2024-01-24 15:00:00,2.0584322214365676,2.0089565914919,2.32174805528463,2.2826442180442057
2024-01-24 16:00:00,2.0084293586458792,1.956999368989515,2.266794356767489,2.223205375910998
2024-01-24 17:00:00,1.9083946553204936,1.860071015518176,2.1712957416329077,2.130419484264891
2024-01-24 18:00:00,1.8075024829226474,1.7634157240407142,2.076983894740402,2.043801730275089
2024-01-24 19:00:00,1.7186679239113194,1.6794899118680917,1.9949772253877118,1.9734240934726295
2024-01-24 20:00:00,1.6728549220850812,1.639189777321708,1.9583178288781415,1.946447713719053
2024-01-24 21:00:00,1.7493469534938906,1.7198716591343661,2.0452924888764334,2.03372507909321
2024-01-24 22:00:00,1.8517745786788609,1.8270360010914393,2.1595843488227247,2.149740389174471
2024-01-24 23:00:00,1.9559641772714282,1.934836985718259,2.2732487138635493,2.2711088950316256
2024-01-25 00:00:00,2.066107911789095,2.0473205958817053,2.389938809486849,2.3992776359857335
2024-01-25 01:00:00,2.1997287823169778,2.180483138377489,2.5236787723908987,2.5407477650063175
2024-01-25 02:00:00,2.3206399760972736,2.297075930380007,2.635637892363618,2.6533440137397974
2024-01-25 03:00:00,2.406624541651244,2.376551793561793,2.7100114005857328,2.717080845783464
2024-01-25 04:00:00,2.511979366350983,2.4638334817586034,2.7820073152420957,2.761936006825454
2024-01-25 05:00:00,2.5666698952344085,2.5039389132593146,2.809683947203702,2.7695128970134437
2024-01-25 06:00:00,2.537173688794057,2.472145745145249,2.7749610391656807,2.731481551967228
2024-01-25 07:00:00,2.5079350222310457,2.4417691728021085,2.742535550206088,2.6970751459844284
2024-01-25 08:00:00,2.4627196982542485,2.3991528759868825,2.7006810386517754,2.658007418660684
2024-01-25 09:00:00,2.4119156950831213,2.352884525157426,2.656964149361287,2.6199726494883944
2024-01-25 10:00:00,2.3547947117291606,2.3016992579344766,2.6097407521032276,2.580845623658448
2024-01-25 11:00:00,2.3003273722593764,2.2535959344350363,2.5679010659080377,2.545100342012745
2024-01-25 12:00:00,2.2470318478572477,2.204599068322077,2.5234919836082876,2.504416861824627
2024-01-25 13:00:00,2.2196761374525655,2.17716577722711,2.496091015875959,2.4752217741014158
2024-01-25 14:00:00,2.1913573944315026,2.1472622709683074,2.4647168706334757,2.4396609959335565
2024-01-25 15:00:00,2.1603510867515165,2.113954761567847,2.4293048103935457,2.3989794442196084
2024-01-25 16:00:00,2.144294378927589,2.093848235946402,2.4051422304580368,2.3673702555331486
2024-01-25 17:00:00,2.081096427048231,2.0314409547081675,2.34380829786764,2.3049199974981627
2024-01-25 18:00:00,1.9461737989248116,1.9054837607418713,2.224639231885167,2.194552858161312
2024-01-25 19:00:00,1.8672105433899617,1.8336345327317027,2.1583527475925774,2.1372781964160197
2024-01-25 20:00:00,1.8615886607417087,1.8329823735575135,2.162224506356458,2.1477154624971275
2024-01-25 21:00:00,1.944839358402151,1.918550985886535,2.2516177103362094,2.2417065270055305
2024-01-25 22:00:00,2.0282125965434568,2.0049996378300117,2.3427747020463556,2.3428647291209965
2024-01-25 23:00:00,2.1103841403847126,2.090660905081612,2.4331003030539393,2.4440966938956983
2024-01-26 00:00:00,2.2007070083232447,2.1829629675070916,2.527781770758462,2.5476004720919256
2024-01-26 01:00:00,2.2506488122707276,2.2345512692855922,2.581124492990279,2.607126996614632
2024-01-26 02:00:00,2.298901316806564,2.281921199328009,2.627505876314136,2.6556668750668035
2024-01-26 03:00:00,2.385189571365122,2.361664067241715,2.7016406237838253,2.7199534806473
2024-01-26 04:00:00,2.4602022926098397,2.423629017677683,2.751920080982331,2.7494050487073767
2024-01-26 05:00:00,2.495842680087961,2.4458856332021024,2.761868811114439,2.7391231731811794
2024-01-26 06:00:00,2.522877598751103,2.460258471794323,2.7648348221482193,2.7242228530787065
2024-01-26 07:00:00,2.5238521922982793,2.4537785724840835,2.7512089426530477,2.700464594501615
2024-01-26 08:00:00,2.5021024592415326,2.429532538102999,2.723666064690907,2.6692194236257656
2024-01-26 09:00:00,2.471418253660149,2.3994007396646486,2.6928255190353,2.638478579587545
2024-01-26 10:00:00,2.392334182295442,2.3291788756471137,2.6283112016159706,2.5850399151862398
2024-01-26 11:00:00,2.3476324348994906,2.2897049692673006,2.5928759732750017,2.5557511557667096
2024-01-26 12:00:00,2.306743461099446,2.2534988929436657,2.5611294784833762,2.528020754590381
2024-01-26 13:00:00,2.2778398002556157,2.2256707867755225,2.5343907969735096,2.5010284129831084
2024-01-26 14:00:00,2.2611738354030293,2.206293137564571,2.512414970739203,2.4738977825067328
2024-01-26 15:00:00,2.1800472544682212,2.1278186291229986,2.4372417652637686,2.398927359554116
2024-01-26 16:00:00,2.1301045962804097,2.0771509227275136,2.3862419984413763,2.344416848324729
2024-01-26 17:00:00,2.0343315999156304,1.985746192957659,2.2989434286591797,2.260353969023508
2024-01-26 18:00:00,1.9324933913805642,1.8913741595316953,2.20985595653994,2.1787755217801217
2024-01-26 19:00:00,1.8636097933940103,1.8286805559912986,2.1520119742085155,2.1289383751804363
2024-01-26 20:00:00,1.839980304041391,1.8095984635530398,2.136779982270776,2.1200659430591147
2024-01-26 21:00:00,1.8821115316907142,1.8545489155280686,2.185072401079849,2.1716739413890114
2024-01-26 22:00:00,1.9453366122971587,1.9210729805182476,2.2561543824672277,2.24911962705583
2024-01-26 23:00:00,2.053456395285547,2.0312998253146928,2.370479741527693,2.373929880835555
2024-01-27 00:00:00,2.166521585893251,2.1465301573100968,2.489109132210459,2.5032936467225615
2024-01-27 01:00:00,2.2479399409731298,2.230225896031992,2.5751245766359405,2.5985423763641364
2024-01-27 02:00:00,2.3372106273893096,2.3191962912970205,2.6640513137854636,2.6913095940712157
2024-01-27 03:00:00,2.4138034231582823,2.3919907120221,2.7345729358799193,2.7560977377635534
2024-01-27 04:00:00,2.5103645176587635,2.4742752877434495,2.8048041383860096,2.8041596148023937
2024-01-27 05:00:00,2.5907557073783436,2.5362410965186126,2.8509217450153974,2.8236450303542053
2024-01-27 06:00:00,2.664641435667028,2.59279581328075,2.8931846023614076,2.844032120522576
2024-01-27 07:00:00,2.6901516321978804,2.608535428347141,2.900837211689166,2.839931217525701
2024-01-27 08:00:00,2.6657090781962443,2.5809045114532045,2.869642866507803,2.80386524162915
2024-01-27 09:00:00,2.609242893966362,2.5257707010081005,2.813951597307811,2.7478612445913373
2024-01-27 10:00:00,2.533684236003573,2.4559840707622675,2.74641749988501,2.6859199699973804
2024-01-27 11:00:00,2.4306739451677406,2.3643228962119327,2.661752008953683,2.614710824099059
2024-01-27 12:00:00,2.3324302534073764,2.2773638852377784,2.5834305723021687,2.549843860106317
2024-01-27 13:00:00,2.2920548967478367,2.2393977738690256,2.54776044769803,2.5149273544801782
2024-01-27 14:00:00,2.2414408573018356,2.190040329224585,2.4998196506691768,2.4658779377111246
2024-01-27 15:00:00,2.1557740394236693,2.1074320572095457,2.4210422455687186,2.387941132899117
2024-01-27 16:00:00,2.07678548092586,2.030681483017406,2.3471563267935682,2.3139591288238264
2024-01-27 17:00:00,2.012926866113506,1.9695375224671507,2.2874798342584373,2.255669494857649
2024-01-27 18:00:00,1.9580573054638497,1.9183461212893613,2.2385944684554384,2.2098702343455225
2024-01-27 19:00:00,1.8842433711713218,1.8507925699057517,2.1758267669367917,2.15433610548794
2024-01-27 20:00:00,1.8645067033748353,1.8353040222587453,2.1639924705623206,2.1483364297550027
2024-01-27 21:00:00,1.9157167261113082,1.8887465956340375,2.220469684185117,2.208550995092663
2024-01-27 22:00:00,1.9881798982011822,1.9638983852035137,2.299943567453991,2.295611444568904
2024-01-27 23:00:00,2.0432348817685604,2.0239363252685214,2.3657758146280936,2.3734791163767914
2024-01-28 00:00:00,2.119938297509716,2.1051559457300417,2.4526710779281413,2.472990365077369
2024-01-28 01:00:00,2.255002472832877,2.2411130012166285,2.5903062519858264,2.6214141359385046
2024-01-28 02:00:00,2.3782941372161797,2.3636738462563294,2.71317936348385,2.746728973331226
2024-01-28 03:00:00,2.4569992669013367,2.437328183668506,2.783604264938607,2.8099002018709993
2024-01-28 04:00:00,2.517959733868094,2.488087411759743,2.825682038178505,2.8366503026524437
2024-01-28 05:00:00,2.539808774764914,2.5009953139599603,2.8300690775800206,2.8268790067728986
2024-01-28 06:00:00,2.551319143264059,2.502792686036154,2.822281106656891,2.8035987484390437
2024-01-28 07:00:00,2.5420983766576053,2.4861191935251634,2.797879201855594,2.7676479925003137
2024-01-28 08:00:00,2.5066723429871405,2.447176374265893,2.7544811120351684,2.7186060825023466
2024-01-28 09:00:00,2.3976939567398263,2.3472454434253343,2.659708914305936,2.635719539748059
2024-01-28 10:00:00,2.321446627600555,2.276464095030338,2.592687943275003,2.574564135367771
2024-01-28 11:00:00,2.2579457509997862,2.2168316461122797,2.5370613546791203,2.5208696376072623
2024-01-28 12:00:00,2.2288976488053986,2.187082363536805,2.50666140637577,2.4874230602590828
2024-01-28 13:00:00,2.197340968786656,2.1537292827867316,2.4716439801542207,2.447722614058082
2024-01-28 14:00:00,2.172906902634905,2.125946458529698,2.4406078337328747,2.4099454636973925
2024-01-28 15:00:00,2.1360579770638144,2.0866670681972663,2.3991928564470326,2.362840278410671
2024-01-28 16:00:00,2.084732024989911,2.034612036205515,2.3465369875632196,2.3069128832515875
2024-01-28 17:00:00,1.9936624814447215,1.947307451601936,2.2618288337581967,2.224847582598258
2024-01-28 18:00:00,1.8954212665569121,1.8547575028359466,2.173128163564728,2.1421277325172143
2024-01-28 19:00:00,1.7765790008132745,1.7428853647630445,2.065481453338129,2.0470550551929674
2024-01-28 20:00:00,1.6978056127423622,1.669262214394157,1.994134998947431,1.9869000702227901
2024-01-28 21:00:00,1.686684847942353,1.6628568560907773,1.9916131079885282,1.9904604960547347
2024-01-28 22:00:00,1.7152098241171676,1.6961561368626021,2.030244313541514,2.032916426356987
2024-01-28 23:00:00,1.818165038472284,1.8021748286814068,2.142397423747117,2.1439354578263212
2024-01-29 00:00:00,1.9324585745793312,1.9178578003442466,2.262197102919934,2.2690088081641906
2024-01-29 01:00:00,2.045569468876835,2.031152286281417,2.3776717805089804,2.3925629165815003
2024-01-29 02:00:00,2.1850220249453325,2.1668692163918104,2.5109773739415413,2.527975459556294
2024-01-29 03:00:00,2.277860357402319,2.2542782728215682,2.5924718068315267,2.6063378573438727
2024-01-29 04:00:00,2.3759219473983584,2.3412530100163336,2.669050810914527,2.6682407887083475
2024-01-29 05:00:00,2.4243015121800497,2.378420583404119,2.696261940546655,2.6786111399793753
2024-01-29 06:00:00,2.4369464607492612,2.3827004809511556,2.692502924695966,2.662657394306942
2024-01-29 07:00:00,2.424723709182016,2.366449173235115,2.6717168426770805,2.6358845577728336
2024-01-29 08:00:00,2.4251571882910374,2.3623971457901485,2.6631311587634365,2.620759109351223
2024-01-29 09:00:00,2.3764882838972445,2.317693681260154,2.620614163933903,2.5833893870068056
2024-01-29 10:00:00,2.3165694507665746,2.2649379227503323,2.574309949815083,2.5447645248604633
2024-01-29 11:00:00,2.266846841247786,2.2203022390663714,2.5348492591144893,2.51006297844052
2024-01-29 12:00:00,2.2183012220463705,2.1743614160729123,2.49190041283176,2.4686860018790613
2024-01-29 13:00:00,2.19392822682168,2.14821562972083,2.4640337336236886,2.436436692302264
2024-01-29 14:00:00,2.1469566132724043,2.0993062391311224,2.4135970111749563,2.380682904319351
2024-01-29 15:00:00,2.077456313280342,2.0286616972980256,2.3421831320333726,2.304576275976789
2024-01-29 16:00:00,2.024111812534707,1.9729532036534154,2.2833373942404624,2.2405341438056285
2024-01-29 17:00:00,1.939998617984001,1.890643692207883,2.2012618702158435,2.1591395691075066
2024-01-29 18:00:00,1.7860746514448993,1.7445657549538849,2.060012226364997,2.03134556721279
2024-01-29 19:00:00,1.68139738458865,1.6452407000947582,1.9624497241106131,1.9470066510708197
2024-01-29 20:00:00,1.671727692571831,1.6396932289837327,1.960275724769045,1.950271291282632
2024-01-29 21:00:00,1.696350061474834,1.6695659538803778,1.9957916552423143,1.9905283032679613
2024-01-29 22:00:00,1.8132507004406497,1.7905698006303488,2.1243625298368176,2.117663312712359
2024-01-29 23:00:00,1.9292224381622871,1.9097070393278488,2.2491382235026105,2.248015635174272
2024-01-30 00:00:00,1.984634956437898,1.9696484057312882,2.314602054936123,2.3245719977483503
2024-01-30 01:00:00,2.0912804654877513,2.077754420192021,2.425895929315486,2.4453638282923844
2024-01-30 02:00:00,2.2282913732986187,2.2114429518012026,2.5570374336341346,2.579623618475681
2024-01-30 03:00:00,2.3237637646169778,2.301273496280313,2.6409162070825443,2.6603663268417796
2024-01-30 04:00:00,2.4235053682640757,2.38926581245445,2.7187284604685793,2.7190592306598487
2024-01-30 05:00:00,2.470350704466045,2.423504028917097,2.741780694412245,2.7233664647867593
2024-01-30 06:00:00,2.473327751541448,2.418217314506298,2.728597155035826,2.6981255029486895
2024-01-30 07:00:00,2.4673825092566033,2.4064533177638188,2.7107420048608204,2.671771760463214
2024-01-30 08:00:00,2.439916118354399,2.377563477974769,2.6793429356706784,2.6379374362671184
2024-01-30 09:00:00,2.3790748547359897,2.3217662459444974,2.6263691836189778,2.5915169180101083
2024-01-30 10:00:00,2.32298502944264,2.2719994032895188,2.5820219452958955,2.5539600699438165
2024-01-30 11:00:00,2.2556634980053403,2.2118959547746475,2.529373041040894,2.5085806966211908
2024-01-30 12:00:00,2.230065204198689,2.1872650664662596,2.50583235219671,2.485038467752929
2024-01-30 13:00:00,2.228504406693703,2.182046019376048,2.4967628413397644,2.4696110895743395
2024-01-30 14:00:00,2.185131183565519,2.1368141836845145,2.4500317242177156,2.417814327426732
2024-01-30 15:00:00,2.129398482366166,2.0794355915486022,2.391575744309579,2.354344441432453
2024-01-30 16:00:00,2.075733836283584,2.0243514480310276,2.334968854522215,2.293411003141366
2024-01-30 17:00:00,1.9769539629282873,1.9290895600249924,2.241737026433945,2.202102056205923
2024-01-30 18:00:00,1.8780342272939856,1.8356652392994284,2.152155826166112,2.1190802275964056
2024-01-30 19:00:00,1.7824192234607292,1.745718668562945,2.0655763657544406,2.0430431731780345
2024-01-30 20:00:00,1.727411970957312,1.6951876110525776,2.017472958879799,2.0039260885263563
2024-01-30 21:00:00,1.7712658001524915,1.7426365823084138,2.0695792522617125,2.0578716517660847
2024-01-30 22:00:00,1.855134352596752,1.8306756025352733,2.16357777280439,2.1542314174460144
2024-01-30 23:00:00,1.9288233702617414,1.9088292301239977,2.2477991165321183,2.246068904597754
2024-01-31 00:00:00,2.001244691117257,1.9854597619663616,2.3299272599369893,2.3397845629383123
2024-01-31 01:00:00,2.098682162264728,2.084978469340729,2.4330545852754417,2.452688300258776
2024-01-31 02:00:00,2.23697881261968,2.219811150010665,2.565059919645777,2.587692006665877
2024-01-31 03:00:00,2.357668386373671,2.3327862610950003,2.670465708712245,2.6857214047951614
2024-01-31 04:00:00,2.434793979856812,2.3987569427774726,2.726694331596157,2.7242862255506983
2024-01-31 05:00:00,2.4774791689824793,2.4289045950668946,2.7457151097652908,2.724820688371894
2024-01-31 06:00:00,2.4590858424108166,2.4059569720170075,2.717903304869687,2.690276150094898
2024-01-31 07:00:00,2.4297688109554603,2.375062884723354,2.6842519341738,2.6539120685577187
2024-01-31 08:00:00,2.4106473109345847,2.354505431066435,2.661463446103782,2.628657541069675
2024-01-31 09:00:00,2.362441799641335,2.3103121321990807,2.619579813735776,2.592131448254152
2024-01-31 10:00:00,2.3213075522987734,2.2735162744569553,2.586712641719973,2.5635865359186805
2024-01-31 11:00:00,2.2656654364135376,2.2236024479221577,2.5427648080158707,2.5253515915337106
2024-01-31 12:00:00,2.232569559933199,2.192018505589363,2.5128919032069503,2.495950261976024
2024-01-31 13:00:00,2.197425208444088,2.1564513815136084,2.477086030885787,2.457434396720791
2024-01-31 14:00:00,2.158478832076893,2.115719835811514,2.4348786835830807,2.4104668497418946
2024-01-31 15:00:00,2.113488841218406,2.0686006102656793,2.3859916736671014,2.356043396584322
2024-01-31 16:00:00,2.050017295928141,2.0045578274657245,2.3213361086408106,2.287654618718886
2024-01-31 17:00:00,1.9699640528599773,1.9267385308822265,2.24385989576335,2.2104834908917206
2024-01-31 18:00:00,1.8674360680234006,1.8292845227437058,2.1496143020090788,2.1219743929404173
2024-01-31 19:00:00,1.78588945220038,1.7517437299622582,2.074114021844929,2.054413503619243
2024-01-31 20:00:00,1.7686903180123916,1.7370605205929983,2.061155068844307,2.045764712580671
2024-01-31 21:00:00,1.7863834586632832,1.7586828144757356,2.087007614882249,2.075609297594118
2024-01-31 22:00:00,1.8293850321048504,1.8070342733432763,2.141508427203573,2.1351728564772765
2024-01-31 23:00:00,1.8946180927105272,1.877215798011876,2.217959393767704,2.2186123691727424
2024-02-01 00:00:00,1.9877757728447645,1.9730568487214524,2.318333100872772,2.3288501122914766
2024-02-01 01:00:00,2.0931556733274848,2.0792839392681235,2.427056327171084,2.445762742184762
2024-02-01 02:00:00,2.220627236535678,2.2027789862286404,2.5472623090724302,2.5674434823980667
2024-02-01 03:00:00,2.3209327444450225,2.2953358581308696,2.6316480967064235,2.6456972021980474
2024-02-01 04:00:00,2.406211543813944,2.3688004531588414,2.6945664112017713,2.689642102982378
2024-02-01 05:00:00,2.4445530496231127,2.3946095735711888,2.7090335270549084,2.685514916006715
2024-02-01 06:00:00,2.4145552531040515,2.3616923272307266,2.6719993148440806,2.643898193996838
2024-02-01 07:00:00,2.4112040709201916,2.35286172134737,2.6574853316590508,2.621330870441354
2024-02-01 08:00:00,2.363008238741581,2.3067261812030146,2.61172685503496,2.57811441063779
2024-02-01 09:00:00,2.3161419360816655,2.2641108346199794,2.5730581722742487,2.542824241294291
2024-02-01 10:00:00,2.2563413269615915,2.2105275085161753,2.52587098133906,2.501736115507813
2024-02-01 11:00:00,2.2238320870719566,2.1804126281230745,2.4983836289250143,2.4762878704399114
2024-02-01 12:00:00,2.1946074148401813,2.1519829887334736,2.4709357420908087,2.4484810517195434
2024-02-01 13:00:00,2.1673446759474313,2.1237439275999264,2.4419191010458494,2.416478245727021
2024-02-01 14:00:00,2.1279689283656347,2.083098417005637,2.4003585806698884,2.3710401425947327
2024-02-01 15:00:00,2.0870056072545897,2.0404356088282465,2.3562798792208324,2.3221763380727056
2024-02-01 16:00:00,2.019941331333809,1.9740956157383942,2.289771557302362,2.2544482669123362
2024-02-01 17:00:00,1.9377040756745922,1.8946796211156904,2.211390625937969,2.1775309324240784
2024-02-01 18:00:00,1.8476486310008888,1.8087251282574686,2.1280650880803065,2.1000069019133307
2024-02-01 19:00:00,1.7791243706063267,1.74349568735338,2.064205819956016,2.043090868545258
2024-02-01 20:00:00,1.7480486172916145,1.715730882733641,2.038501586876891,2.0234820194562673
2024-02-01 21:00:00,1.8083129971451586,1.7789197487103081,2.106315570529194,2.0916300215184367
2024-02-01 22:00:00,1.8848474936597908,1.859786713129076,2.1927351002927002,2.1825544766375033
2024-02-01 23:00:00,1.9525586173702811,1.9321832072903424,2.271327207367458,2.270314358854387
2024-02-02 00:00:00,2.042411525349818,2.025140794515401,2.3688609504376292,2.3789870913173377
2024-02-02 01:00:00,2.1392518231950577,2.1229439457505612,2.468995886041853,2.48662817907236
2024-02-02 02:00:00,2.2535347544663122,2.2333531724968614,2.5753004540037296,2.5936553193805163
2024-02-02 03:00:00,2.349188863157274,2.321238802268561,2.6555606227290287,2.6658526984767223
2024-02-02 04:00:00,2.419295103948656,2.3800220250809097,2.7042958386196565,2.6966670747979697
2024-02-02 05:00:00,2.457033209928757,2.4052697024928316,2.7183311765305187,2.6923195652142864
2024-02-02 06:00:00,2.4354671617320998,2.3799183873732077,2.6883332383735032,2.6565776848139184
2024-02-02 07:00:00,2.4407537657278118,2.3784399674271177,2.680196738558001,2.638679783401439
2024-02-02 08:00:00,2.4879496527884197,2.4143226238911724,2.706696311836049,2.6502621506222037
2024-02-02 09:00:00,2.4519736051450494,2.3793714205595364,2.671324214968284,2.6156470031615227
2024-02-02 10:00:00,2.3966349901061617,2.329016336522064,2.6237827470419455,2.5741594116564905
2024-02-02 11:00:00,2.3346486487350258,2.2744511121791446,2.5753979668727776,2.5339038804347607
2024-02-02 12:00:00,2.276458160108078,2.2228296897362716,2.5301790460696747,2.494626227294734
2024-02-02 13:00:00,2.248398495579943,2.195620270277301,2.5039096315037503,2.4679922297266255
2024-02-02 14:00:00,2.270230246368401,2.2104305018462718,2.511724407738436,2.466335792848761
2024-02-02 15:00:00,2.216181520428737,2.157391814555041,2.459878327376302,2.412821205542381
2024-02-02 16:00:00,2.14606552909268,2.089756886646443,2.395198974831278,2.348757062235404
2024-02-02 17:00:00,2.064201297123509,2.0121453552783324,2.3220024417172334,2.2792235215928702
2024-02-02 18:00:00,1.9740532477420756,1.9284825824730463,2.243344955126976,2.2070961960292057
2024-02-02 19:00:00,1.9077519001231547,1.8680722636848848,2.187572463518755,2.158469223344767
2024-02-02 20:00:00,1.8854430149314236,1.8506973348320483,2.1745717439881247,2.152058385217395
2024-02-02 21:00:00,1.9023367330741814,1.8727277766343573,2.2016939226422942,2.186092304479463
2024-02-02 22:00:00,1.978748038624505,1.9527869708129668,2.287012519858261,2.279035446761784
2024-02-02 23:00:00,2.07238097148327,2.0497446074520806,2.3887095211819873,2.392337858862035
2024-02-03 00:00:00,2.1846357006533252,2.164032828113739,2.5058797045401016,2.520097762978859
2024-02-03 01:00:00,2.25800810755824,2.239700702089862,2.5840037622541687,2.6072555323519686
2024-02-03 02:00:00,2.3363234782355895,2.3179972335702903,2.662600328761041,2.689506412715838
2024-02-03 03:00:00,2.4229360549480745,2.3999120190806376,2.7414944451643404,2.7610526672286837
2024-02-03 04:00:00,2.5369222805214466,2.4963146980477084,2.823118834276896,2.815685806919178
2024-02-03 05:00:00,2.6314911822892952,2.5711894079285167,2.8814945332626873,2.8472790436629665
2024-02-03 06:00:00,2.7643667598527606,2.6823346455035657,2.976916309393334,2.9188982651302617
2024-02-03 07:00:00,2.758779691141531,2.6715144483150337,2.9615689349735006,2.8962745538569563
2024-02-03 08:00:00,2.768664742770561,2.6752415213161864,2.9610829740787903,2.8876433490644886
2024-02-03 09:00:00,2.7702923808829403,2.6728207103795114,2.9557498044318242,2.8769680695611988
2024-02-03 10:00:00,2.6739313316769544,2.583086046915408,2.8668034747303746,2.793914703572556
2024-02-03 11:00:00,2.5702663588727033,2.488326115856744,2.776231773439785,2.7111150566677447
2024-02-03 12:00:00,2.4615013222232376,2.391357058561937,2.6862750966440143,2.6345458460735283
2024-02-03 13:00:00,2.3765224569903913,2.3152395539082864,2.6157805090455897,2.5753979343365523
2024-02-03 14:00:00,2.2969684668396164,2.2428395885546175,2.549833945938051,2.5152671339888357
2024-02-03 15:00:00,2.2355503391754956,2.1843532647142982,2.4944804096607998,2.4608361104719254
2024-02-03 16:00:00,2.1947124446470285,2.1429927199169128,2.4527962586843124,2.4160902197741283
2024-02-03 17:00:00,2.121318784642227,2.0722836394133313,2.3854008222866177,2.3494303021138663
2024-02-03 18:00:00,2.012360465725939,1.9703101453149188,2.289603674047511,2.2598542497719962
2024-02-03 19:00:00,1.9189974094547628,1.8849759137555742,2.210087053717055,2.1885317695505493
2024-02-03 20:00:00,1.8925046958088845,1.8635398529421843,2.192961916963655,2.177781019368811
2024-02-03 21:00:00,1.9082263371913728,1.8836334715976453,2.2175628244414574,2.208975671493758
2024-02-03 22:00:00,1.9748030993383296,1.9537158396129204,2.2925870747984827,2.2925589676411926
2024-02-03 23:00:00,2.0695426693339094,2.0523842238009427,2.3967611938393154,2.4099698517339343
2024-02-04 00:00:00,2.1756667615308616,2.1620814120606697,2.511674188910765,2.538251339534865
2024-02-04 01:00:00,2.3136366377646067,2.301994571482989,2.653529048952574,2.692087306582753
2024-02-04 02:00:00,2.442434359119476,2.428616771352197,2.781108083027301,2.81774945621586
2024-02-04 03:00:00,2.545024169280485,2.5209171687447007,2.8662254247558883,2.889183306817123
2024-02-04 04:00:00,2.650471503490727,2.6050670315405964,2.9329126648411235,2.927910772978642
2024-02-04 05:00:00,2.684738997989311,2.6279410703656922,2.945169724368178,2.923492763547845
2024-02-04 06:00:00,2.6756729142418454,2.6130212789720995,2.923382352015431,2.890319974855678
2024-02-04 07:00:00,2.6143676519617993,2.5538882764781023,2.8638334881821703,2.8297480172425966
2024-02-04 08:00:00,2.597166260529501,2.5317600532245907,2.8363306637857164,2.794190467592305
2024-02-04 09:00:00,2.6915008854271862,2.6082152319339524,2.899241705802484,2.836635386520114
2024-02-04 10:00:00,2.4450488131088566,2.386236699142382,2.6921123363857395,2.6566338512388343
2024-02-04 11:00:00,2.307021724180795,2.2622253187032593,2.5788254278829896,2.560401545800468
2024-02-04 12:00:00,2.294635676394258,2.247759616482915,2.5619039326914383,2.5384003256022476
2024-02-04 13:00:00,2.264290273244336,2.215509020944535,2.5276980960365156,2.4989262454678034
2024-02-04 14:00:00,2.2049510690676275,2.1558136808509594,2.468143578051701,2.4358543852888648
2024-02-04 15:00:00,2.1556906148670123,2.104469991029438,2.4151097458699566,2.3771256851037883
2024-02-04 16:00:00,2.0985637925641907,2.045868512231479,2.3551533881539384,2.312508507615726
2024-02-04 17:00:00,1.9901230353081396,1.941373548572571,2.2534365404541887,2.2130995590606424
2024-02-04 18:00:00,1.847988385327174,1.8076485143117558,2.125731294435486,2.096224078964458
2024-02-04 19:00:00,1.724341528124297,1.6909605844839033,2.0121785610807854,1.9974283299286337
2024-02-04 20:00:00,1.693141665457039,1.664431480567821,1.98886923490772,1.9817246136439273
2024-02-04 21:00:00,1.7430233803507085,1.7188159683844368,2.0489780942325773,2.0442165570354507
2024-02-04 22:00:00,1.8218646112362202,1.802689793693106,2.139968675407626,2.137705434413809
2024-02-04 23:00:00,1.953143718856721,1.9363767950911004,2.278881603959852,2.283425857345856
2024-02-05 00:00:00,2.0455037002457757,2.031620630272315,2.3786062480428636,2.394297165721884
2024-02-05 01:00:00,2.159317709531076,2.1455846664706635,2.4945203482281304,2.5181423937818286
2024-02-05 02:00:00,2.3035119280207685,2.2849790216258783,2.6287960985055268,2.654144208705978
2024-02-05 03:00:00,2.4059042605775893,2.379600209770412,2.71686087325704,2.729900581642022
2024-02-05 04:00:00,2.4952013978719747,2.4531945675763596,2.777000291801058,2.76627008766016
2024-02-05 05:00:00,2.546833501966226,2.490629150870293,2.802042269298616,2.7709137893250326
2024-02-05 06:00:00,2.5067029824828033,2.4500152246561426,2.7599281880743893,2.727951902515019
2024-02-05 07:00:00,2.5136072650833885,2.4495976526025083,2.752783692447087,2.7105496962799056
2024-02-05 08:00:00,2.51281282829799,2.443700054070219,2.741756033441048,2.6922911507166365
2024-02-05 09:00:00,2.478721505452261,2.4088675269778927,2.7047140374313074,2.6534385250623376
2024-02-05 10:00:00,2.3991350404299387,2.3370165534556286,2.6374246308905525,2.5957315027308683
2024-02-05 11:00:00,2.3352300542256312,2.279866076130379,2.5855736493489534,2.5515498484892865
2024-02-05 12:00:00,2.274403801174882,2.2242427139106264,2.535073427730066,2.5048518370104893
2024-02-05 13:00:00,2.2555430004210235,2.2029729080476415,2.5113929792093264,2.476058141975385
2024-02-05 14:00:00,2.228024653014349,2.1718028707342754,2.476756842884032,2.4342083007200555
2024-02-05 15:00:00,2.163592822623395,2.1062562284984367,2.4106710484958005,2.363361330150474
2024-02-05 16:00:00,2.091231016462967,2.033646490348877,2.33770131984026,2.287854630005459
2024-02-05 17:00:00,1.979431396174588,1.9268942340504926,2.234992686353482,2.189176442213143
2024-02-05 18:00:00,1.8453737923486568,1.8017971945522953,2.1167365986280013,2.0832193476885834
2024-02-05 19:00:00,1.738335826487458,1.7022313180668691,2.0212884662725914,2.0024587389453696
2024-02-05 20:00:00,1.7340819612996383,1.7029019535405538,2.026314534926996,2.0137717811924847
2024-02-05 21:00:00,1.7875734384531363,1.7618206790621698,2.091991747278594,2.083030185716229
2024-02-05 22:00:00,1.8865880727872941,1.8657758533899333,2.2028687205383903,2.198593178528941
2024-02-05 23:00:00,1.9718929949712551,1.9553081148279299,2.2983728379300765,2.3046390886608847
2024-02-06 00:00:00,2.088999416110451,2.0746400414555013,2.421895948238896,2.4399245437972
2024-02-06 01:00:00,2.1994655696862067,2.1855511858479284,2.5345036308859696,2.56096811477377
2024-02-06 02:00:00,2.3297595682470607,2.3122446895523265,2.6574705861754064,2.6855227714581527
2024-02-06 03:00:00,2.440742949011839,2.4144227185861107,2.752861408505655,2.76683856996478
2024-02-06 04:00:00,2.5327128718571346,2.489054023752725,2.8125043719118046,2.7999559571816355
2024-02-06 05:00:00,2.5809401146978743,2.5233913275429916,2.8347094688713477,2.8024407380205956
2024-02-06 06:00:00,2.579166637489617,2.5158371537380164,2.8216310300567873,2.7814075653595918
2024-02-06 07:00:00,2.5459704706451705,2.482161244205287,2.78658608652555,2.7453120477961988
2024-02-06 08:00:00,2.5298392940244216,2.463759209183628,2.765567066880857,2.720823367985894
2024-02-06 09:00:00,2.4766573237875726,2.4145742133559462,2.7182570423427714,2.678066962040636
2024-02-06 10:00:00,2.4245028834562676,2.3671400832888474,2.673448960905212,2.6392302204651767
2024-02-06 11:00:00,2.3755443606539077,2.3219397604110714,2.6301492531215853,2.6007574206749142
2024-02-06 12:00:00,2.315967519932909,2.2667298802752978,2.5784933205714013,2.5526848769723833
2024-02-06 13:00:00,2.290673546045528,2.2392155484061553,2.548688743909289,2.517406448249791
2024-02-06 14:00:00,2.232580799497682,2.1809598958430625,2.490575574579104,2.4557409897052893
2024-02-06 15:00:00,2.1604092827341828,2.1083090630165566,2.418046059400578,2.378932054999027
2024-02-06 16:00:00,2.088954787259938,2.0364927186570045,2.3460463422955167,2.303533480320283
2024-02-06 17:00:00,2.008841663675736,1.958014211278831,2.2683457933364086,2.2255553481708
2024-02-06 18:00:00,1.874106611909591,1.8316459888063323,2.148048873595851,2.115267154967448
2024-02-06 19:00:00,1.7906850428530747,1.7540114173835408,2.0741354150902316,2.0514148105673384
2024-02-06 20:00:00,1.7730733333357025,1.7412526518766496,2.0653059534524,2.0497167345285954
2024-02-06 21:00:00,1.8301115699179689,1.8031406930486844,2.1332856601046113,2.121380166449126
2024-02-06 22:00:00,1.9053347055973795,1.8837342028704935,2.2205135121370487,2.215825364187276
2024-02-06 23:00:00,2.0048742287193244,1.9872144071817692,2.3298683263937567,2.3368858685345533
2024-02-07 00:00:00,2.0990113327398934,2.0846955924779347,2.432160041096389,2.4509054492897375
2024-02-07 01:00:00,2.199597998751355,2.1859761344962427,2.53516139568295,2.5618219266435522
2024-02-07 02:00:00,2.324352740607787,2.306834269645155,2.6518853947781422,2.679865850401928
2024-02-07 03:00:00,2.438671865960103,2.4115634821805254,2.749062030756466,2.7616537170848967
2024-02-07 04:00:00,2.5078545797225176,2.46642826138586,2.79132772391308,2.781824007444143
2024-02-07 05:00:00,2.5539660131490005,2.4982354588310653,2.8104294550245927,2.780166947071046
2024-02-07 06:00:00,2.5655673676203894,2.5010416192548015,2.8052099852804635,2.7628917491358873
2024-02-07 07:00:00,2.5518990118643674,2.4834395803903346,2.783555245572728,2.735769885720416
2024-02-07 08:00:00,2.529432982060042,2.4594029923657397,2.7572459953032884,2.706919939786278
2024-02-07 09:00:00,2.469653876892856,2.4049232897553012,2.705592450555706,2.6614491330365926
2024-02-07 10:00:00,2.4030855760309877,2.3455523869365016,2.650835665572497,2.6160246549086974
2024-02-07 11:00:00,2.3534311817306355,2.3000523058518376,2.6078021393991464,2.5783200295197974
2024-02-07 12:00:00,2.2974349768322235,2.2487679360576145,2.5610940576298975,2.5348769859651985
2024-02-07 13:00:00,2.2752455767831457,2.224738271225282,2.535171024040923,2.50436376281615
2024-02-07 14:00:00,2.2342930234881644,2.1824905947137263,2.4918537279842465,2.456695075298143
2024-02-07 15:00:00,2.154797354110644,2.104188960095127,2.415479875447591,2.3784824752433322
2024-02-07 16:00:00,2.1106390471791356,2.0581243655039323,2.3676262727068393,2.325627747166176
2024-02-07 17:00:00,2.0380104873909453,1.9864324279390986,2.29663863066445,2.2536450627504947
2024-02-07 18:00:00,1.9249544183869398,1.8800879640510222,2.194837040603886,2.158739373445965
2024-02-07 19:00:00,1.800301693546043,1.7637715726224192,2.0844066857061616,2.0614730465011766
2024-02-07 20:00:00,1.7759642330527492,1.7444758190603173,2.068974166197528,2.0536987996402463
2024-02-07 21:00:00,1.8350395101483055,1.8081300204377881,2.1384073684413454,2.126440335199481
2024-02-07 22:00:00,1.9187893423522069,1.89657027752324,2.233032850124895,2.227880680088428
2024-02-07 23:00:00,2.045287351967356,2.0255227220726604,2.366853817976842,2.3734226653445134
2024-02-08 00:00:00,2.1611555046007966,2.143660495358357,2.488838943450599,2.5066632202704557
2024-02-08 01:00:00,2.2448585956684233,2.228861263027959,2.575556836986629,2.6014667030143115
2024-02-08 02:00:00,2.3399678342167323,2.321938764985387,2.6667760026481155,2.6939773561155387
2024-02-08 03:00:00,2.4273635611809246,2.4023943064270807,2.741875173873394,2.7580421393350263
2024-02-08 04:00:00,2.51171689757339,2.471322920294384,2.7974143014706256,2.789723408621722
2024-02-08 05:00:00,2.5446394192309323,2.4924645674761865,2.8078710922934174,2.782751188231491
2024-02-08 06:00:00,2.540719182894327,2.481999285606182,2.7909809058899855,2.7564373127530133
2024-02-08 07:00:00,2.509441718578047,2.449278983168948,2.7560011389209835,2.719053003638797
2024-02-08 08:00:00,2.473771048672516,2.4141301229893437,2.720118856804482,2.6833210328068207
2024-02-08 09:00:00,2.4210338806513123,2.3658280174276833,2.6742494816188405,2.643184408710771
2024-02-08 10:00:00,2.3728518733646973,2.321978805986641,2.6329818853419447,2.607696372013695
2024-02-08 11:00:00,2.3067633863170403,2.2622979460730233,2.578933611570168,2.5603144776893827
2024-02-08 12:00:00,2.2675541460282957,2.225150615168516,2.5439428681289624,2.5260456505537703
2024-02-08 13:00:00,2.2394609184324805,2.1961876172129067,2.5141686821315266,2.4930293668526775
2024-02-08 14:00:00,2.217124018682696,2.1705763822372535,2.485295189525805,2.4574279103381995
2024-02-08 15:00:00,2.1675270874341357,2.119110514703383,2.432387753202245,2.399225190948473
2024-02-08 16:00:00,2.1169495352010785,2.0665798414914267,2.3783329317932247,2.3397376630973743
2024-02-08 17:00:00,2.058507687054999,2.00802106872166,2.3194565993304566,2.2786301073868485
2024-02-08 18:00:00,1.948045257069675,1.9043234489261056,2.220490954505611,2.1860853879217244
2024-02-08 19:00:00,1.8501037970841188,1.8143616907642013,2.1367453194855517,2.113023870882783
2024-02-08 20:00:00,1.84776262243157,1.8162043280805116,2.1424048241994353,2.124136970864676
2024-02-08 21:00:00,1.8761927551411974,1.8491141081937992,2.180020922874631,2.167352153148166
2024-02-08 22:00:00,1.9588165550384673,1.9347492877979107,2.270414466515108,2.264179410649991
2024-02-08 23:00:00,2.044697636172989,2.023608001235199,2.3636853438391694,2.3680864485331408
2024-02-09 00:00:00,2.110628870118207,2.0929765760186627,2.437389671396594,2.4514478551192336
2024-02-09 01:00:00,2.158058433719228,2.1431329461358266,2.490883359175315,2.5123406795434406
2024-02-09 02:00:00,2.257856251514403,2.240157522153937,2.584920710203492,2.60832261409035
2024-02-09 03:00:00,2.3636022348611068,2.338500681324045,2.676164327650635,2.6912995522548595
2024-02-09 04:00:00,2.44728389255268,2.409137609963448,2.735370806955226,2.7299052167884454
2024-02-09 05:00:00,2.4791005746343404,2.4293010198113447,2.7449387551621407,2.72216253236895
2024-02-09 06:00:00,2.492718731411574,2.433323168893239,2.7401256780239915,2.7036472032273102
2024-02-09 07:00:00,2.475575226471164,2.4127979733872826,2.715550237857615,2.674038280833677
2024-02-09 08:00:00,2.461933808377073,2.396791437072057,2.6966373535454937,2.651576549406947
2024-02-09 09:00:00,2.4372201223906944,2.3728772153612856,2.672549385193077,2.628188846220307
2024-02-09 10:00:00,2.4002980424605718,2.3393154829297473,2.6409038310523654,2.600764816113702
2024-02-09 11:00:00,2.340089424364215,2.2863171738515726,2.593555380401213,2.5622671232206184
2024-02-09 12:00:00,2.3182346483007095,2.2659510841821318,2.5745514665353877,2.5438089632750356
2024-02-09 13:00:00,2.310016003383443,2.2552581009687924,2.5613709354391285,2.5260964458841566
2024-02-09 14:00:00,2.2577992293582225,2.2045542597711503,2.5123276715449547,2.476186105971477
2024-02-09 15:00:00,2.196818623592735,2.1442542697107685,2.453183767606951,2.4150741895196925
2024-02-09 16:00:00,2.161950597135993,2.1072680179267347,2.4142845087620293,2.370979576456785
2024-02-09 17:00:00,2.1011137727307423,2.0471030187214794,2.3548994147954874,2.310356417478896
2024-02-09 18:00:00,1.9817914200824056,1.935236375440197,2.2492695742938746,2.2117796665384417
2024-02-09 19:00:00,1.8878171534265642,1.848997556768669,2.169055238829562,2.1408400468458884
2024-02-09 20:00:00,1.8482054518035222,1.8148293850493826,2.139397226029602,2.1190529495039967
2024-02-09 21:00:00,1.8632881545876916,1.8347295777265282,2.1640444599648663,2.1497812882798244
2024-02-09 22:00:00,1.9494309870723814,1.923918367243488,2.2578811078379064,2.249241413495196
2024-02-09 23:00:00,2.032914646539518,2.0110184930962562,2.350102123395291,2.352442292125249
2024-02-10 00:00:00,2.135281240922644,2.1159598849708177,2.459114763600847,2.472198689719129
2024-02-10 01:00:00,2.1835766791660336,2.168077173134106,2.5153342243759846,2.5379028207537573
2024-02-10 02:00:00,2.280443994663095,2.263783783374513,2.609829848001296,2.637249800550834
2024-02-10 03:00:00,2.398625429387943,2.375817488306714,2.716835452095555,2.7361726986221275
2024-02-10 04:00:00,2.5099903275167703,2.4705808875425483,2.797580193632228,2.791179391958482
2024-02-10 05:00:00,2.6052558105551533,2.5450047516526606,2.8544503465803492,2.8189735985265787
2024-02-10 06:00:00,2.718812335807365,2.63820969695669,2.9323251251235134,2.8736940427953006
2024-02-10 07:00:00,2.8565207451820083,2.7560007966583333,3.0409563176508656,2.9610570925609565
2024-02-10 08:00:00,2.7594075667865767,2.6633745527662986,2.9468737920578256,2.869727859931652
2024-02-10 09:00:00,2.6762220799361187,2.5854624252611287,2.8693996892363827,2.7968349186924906
2024-02-10 10:00:00,2.575716785502402,2.4939998239588412,2.7824147834377113,2.717780218623368
2024-02-10 11:00:00,2.463460763039853,2.3951160885961005,2.691911829209324,2.6426607382871024
2024-02-10 12:00:00,2.3433718514924835,2.2908153084456715,2.5994789357434867,2.5708260969128647
2024-02-10 13:00:00,2.282192185797704,2.235702739297053,2.550386845123665,2.5269934070145057
2024-02-10 14:00:00,2.22351784055632,2.1796311982660805,2.497310426589978,2.4749126809191546
2024-02-10 15:00:00,2.188988417090094,2.1432605841964776,2.459238366886872,2.431921104112176
2024-02-10 16:00:00,2.1534163604572107,2.1049352132580723,2.41831273868877,2.3846506529314646
2024-02-10 17:00:00,2.0475802722282266,2.002446135751129,2.3195162150490694,2.286534648320943
2024-02-10 18:00:00,1.94628686066019,1.9069054260451277,2.2273323721887244,2.1988798606081565
2024-02-10 19:00:00,1.850828262591691,1.8181827341879153,2.143490980908432,2.1235578996412996
2024-02-10 20:00:00,1.8115199740683385,1.7833819447973074,2.1121885536629037,2.0989027238266864
2024-02-10 21:00:00,1.8575626933791611,1.8324584464226903,2.1648765592105828,2.1551175564889498
2024-02-10 22:00:00,1.965417228200977,1.942514906920465,2.279448034394736,2.27576066655523
2024-02-10 23:00:00,2.0872148896005855,2.0676212613635827,2.4099509110262676,2.4206737201117554
2024-02-11 00:00:00,2.2246545714465165,2.2082752232501575,2.554848755731595,2.5799762603582743
2024-02-11 01:00:00,2.3393527466153543,2.3261361607017226,2.6764168744659247,2.7122367710504074
2024-02-11 02:00:00,2.455945799932687,2.4391987552970322,2.7888447773252003,2.8205897463514615
2024-02-11 03:00:00,2.5336916186255656,2.5082461785563868,2.851514696601887,2.8716069826155364
2024-02-11 04:00:00,2.5801895836479245,2.5427376316016157,2.8753007203974463,2.8775773845776715
2024-02-11 05:00:00,2.600444343498821,2.5522308911316958,2.8741929422658843,2.8591791674438705
2024-02-11 06:00:00,2.6010904118176157,2.543651084333087,2.8560289464781383,2.8257073921816827
2024-02-11 07:00:00,2.5646289191658216,2.5027521884847226,2.809533270721021,2.7714077072843337
2024-02-11 08:00:00,2.5222511997323735,2.4571008886757872,2.7595209070088504,2.7160189572082314
2024-02-11 09:00:00,2.433922904392404,2.3739105298187484,2.677962070726298,2.6401777937456012
2024-02-11 10:00:00,2.3373211277080457,2.2852205810205763,2.5942712145810165,2.5657820198396664
2024-02-11 11:00:00,2.2869200406498504,2.238080986100449,2.550203493887453,2.5228880914401675
2024-02-11 12:00:00,2.253534080992602,2.205706545651277,2.5188870107028425,2.490963696393575
2024-02-11 13:00:00,2.2062820290460894,2.159502266322332,2.474109836445469,2.4454186634439887
2024-02-11 14:00:00,2.1453476848513264,2.09963967829743,2.4159441927823586,2.3862391051593907
2024-02-11 15:00:00,2.0592891874560406,2.015784592359792,2.3348903092265423,2.304756309198195
2024-02-11 16:00:00,2.0472853004907323,2.0003866497448697,2.31554828026839,2.279618692687995
2024-02-11 17:00:00,1.9811645214991063,1.9363428650260976,2.2520114113883554,2.2166927939683965
2024-02-11 18:00:00,1.8785819130338446,1.8400034288564868,2.160110807211711,2.1320305269623865
2024-02-11 19:00:00,1.7571484441925842,1.7263844317720192,2.051075044762705,2.0373403684463165
2024-02-11 20:00:00,1.707426113631254,1.6821865074831372,2.010379175227486,2.0063454471998443
2024-02-11 21:00:00,1.6946925633537335,1.6748918749415052,2.0076582884870873,2.0108107868747873
2024-02-11 22:00:00,1.790865828435455,1.774279267896997,2.1131541152412825,2.1147946571594796
2024-02-11 23:00:00,1.942402005272761,1.9260899039486397,2.2688643519594374,2.273476389793848
2024-02-12 00:00:00,2.025590887694097,2.0112308880283787,2.3574618247688983,2.371221255384426
2024-02-12 01:00:00,2.1123645045096096,2.0991318029495085,2.4478672950765317,2.469192276698687
2024-02-12 02:00:00,2.226145569040792,2.210179405215907,2.556738117316231,2.5807400969556964
2024-02-12 03:00:00,2.3513482797667353,2.327486248779326,2.666158382350844,2.6832391076352127
2024-02-12 04:00:00,2.4564884775890503,2.4183157052411337,2.7448131421134874,2.73951972738192
2024-02-12 05:00:00,2.4776387342203843,2.429573360417866,2.7469555443752616,2.727016131060494
2024-02-12 06:00:00,2.4777801019865264,2.4216693656854873,2.731260222558008,2.6995409764948946
2024-02-12 07:00:00,2.444348581304403,2.386706824949924,2.6934088596045926,2.658935103275284
2024-02-12 08:00:00,2.389509728175183,2.334554294888815,2.6419216233202647,2.6107285032901366
2024-02-12 09:00:00,2.349832503529472,2.2960864645978547,2.603480276138593,2.5732350770977948
2024-02-12 10:00:00,2.265061106689017,2.219512398648312,2.535267776644943,2.5124837071352473
2024-02-12 11:00:00,2.2027267087464404,2.160766069338837,2.4805800528895285,2.4601689458426215
2024-02-12 12:00:00,2.130021670569006,2.09134632814493,2.4150923787217593,2.396237601447884
2024-02-12 13:00:00,2.077255560299396,2.03912795566038,2.3636315625889197,2.342671186561736
2024-02-12 14:00:00,2.024210915552108,1.9852023979355464,2.308074638805154,2.2829378911762226
2024-02-12 15:00:00,1.989942509410009,1.947564446818981,2.266136536367489,2.2349226228030825
2024-02-12 16:00:00,1.9310251538397234,1.8868957392731844,2.202476832861426,2.1672274394904973
2024-02-12 17:00:00,1.8571380526516692,1.8135056598675914,2.1284600671826865,2.0940983047398145
2024-02-12 18:00:00,1.7581606173466404,1.7179900826670829,2.033715471391592,2.0079693593917383
2024-02-12 19:00:00,1.6527558817015744,1.617982102664289,1.9354646752471982,1.9231630040914933
2024-02-12 20:00:00,1.6444126173686373,1.6135689118175016,1.9343281962483059,1.9273300701356557
2024-02-12 21:00:00,1.7104522961095552,1.6836366870847308,2.0103087607285968,2.0042798713990386
2024-02-12 22:00:00,1.821698978170435,1.79926286318126,2.1334795490373963,2.127043094069965
2024-02-12 23:00:00,1.9331110599980903,1.913875569719712,2.2537444047559734,2.253221428566741
2024-02-13 00:00:00,2.0289464966240316,2.012434784289284,2.3566507194794317,2.3670242352164834
2024-02-13 01:00:00,2.117761041018624,2.1024528383656556,2.449189540630578,2.4670781638591346
2024-02-13 02:00:00,2.233139666841475,2.213982555816496,2.5570819717440707,2.57584217974024
2024-02-13 03:00:00,2.3339579402959054,2.305920971442259,2.6398703182134233,2.650145985158643
2024-02-13 04:00:00,2.396867429890679,2.357328366539697,2.680703677145502,2.672424450311902
2024-02-13 05:00:00,2.404762919104479,2.356599970619517,2.671247797777255,2.6498271146764694
2024-02-13 06:00:00,2.394374893564269,2.3396713614124955,2.6472313792601776,2.615997289681784
2024-02-13 07:00:00,2.3687041090268885,2.310738637125071,2.6141345035128967,2.5779760848273714
2024-02-13 08:00:00,2.3334261064465247,2.2756590829803223,2.57896480066873,2.5411078342202535
2024-02-13 09:00:00,2.2813801490433963,2.227873112434797,2.5354020135713586,2.5005821356740867
2024-02-13 10:00:00,2.217018196523779,2.169909885428271,2.4842539328291213,2.456136612514717
2024-02-13 11:00:00,2.144498256343107,2.1039080621369277,2.4254618875673644,2.404119613696335
2024-02-13 12:00:00,2.1595950565677065,2.1178274219138586,2.4378488628234036,2.4147744167984126
2024-02-13 13:00:00,2.1254715141757012,2.0842876347348276,2.405250264954895,2.3815601037556666
2024-02-13 14:00:00,2.075401720985745,2.034563765399637,2.3563852220938886,2.3310336741114286
2024-02-13 15:00:00,2.070031469743228,2.025367136414872,2.343200203209629,2.311233551528997
2024-02-13 16:00:00,2.0508692607228864,2.0027472249357308,2.3166755635546075,2.278857783685453
2024-02-13 17:00:00,1.9939048135624697,1.9461853159497418,2.2592240944050856,2.220078149519854
2024-02-13 18:00:00,1.8989255505461213,1.8563359045828312,2.1728546169605787,2.139298894630627
2024-02-13 19:00:00,1.8119043075893229,1.7753686028253615,2.096321289033701,2.072471704141656
2024-02-13 20:00:00,1.7231832533881728,1.6936800581572877,2.0184325463471726,2.0085359397871674
2024-02-13 21:00:00,1.7318452422911583,1.7078584547892441,2.037938572585938,2.0341042163290233
2024-02-13 22:00:00,1.8026630931955414,1.7835884018874337,2.1205602282296105,2.118733655403262
2024-02-13 23:00:00,1.8935021785384882,1.8779619287041804,2.2205026148541918,2.22372090911306
2024-02-14 00:00:00,1.9804431983368995,1.9671920963648883,2.3137644973546205,2.3262022674728016
2024-02-14 01:00:00,2.074483417579246,2.0621669732806147,2.4111957981141403,2.431334292968018
2024-02-14 02:00:00,2.1947783203728455,2.1790103527998417,2.5257547569232073,2.547768550600153
2024-02-14 03:00:00,2.304478781278008,2.2806345751331456,2.618707000813851,2.634282348739004
2024-02-14 04:00:00,2.3973555481200224,2.3607727282619186,2.687128738933049,2.6834520958158143
2024-02-14 05:00:00,2.3635065255285497,2.3244967191282315,2.6474525107645945,2.640173106295303
2024-02-14 06:00:00,2.4138349145850517,2.361204758870675,2.6716164248779446,2.6436260940391985
2024-02-14 07:00:00,2.3915207177922446,2.335637023851505,2.6419552043398857,2.6089986864946084
2024-02-14 08:00:00,2.3272318577539557,2.2755440560593088,2.584858671644377,2.5560414089489325
2024-02-14 09:00:00,2.483159538432904,2.4068692988020013,2.696405067945366,2.636195102656987
2024-02-14 10:00:00,2.3104500970244537,2.255282594985852,2.561162459892472,2.525700955271724
2024-02-14 11:00:00,2.2345481001757808,2.188265882289611,2.50342315494433,2.4776860164412398
2024-02-14 12:00:00,2.412193207180711,2.3397314951782007,2.630099893030711,2.5735926498509327
2024-02-14 13:00:00,2.287590492297764,2.2274419970274333,2.5283015743831583,2.4832983551785204
2024-02-14 14:00:00,2.241496960865842,2.1814489527183714,2.4826062588411806,2.4350188446311773
2024-02-14 15:00:00,2.207232460730265,2.1446413360199283,2.4435348701239956,2.3902942265913576
2024-02-14 16:00:00,2.1346314206004307,2.0724424194279965,2.3716743235371878,2.3165352793898455
2024-02-14 17:00:00,1.9874481520103762,1.9326473850755312,2.238746642696769,2.190139090405177
2024-02-14 18:00:00,1.8561484484117345,1.8090715409351936,2.120871258450104,2.0826921690332156
2024-02-14 19:00:00,1.7154139072133852,1.6761547886202375,1.9915854331795202,1.9704295504814047
2024-02-14 20:00:00,1.6309702491471219,1.5985182803967557,1.9174006164119715,1.9098088092253223
2024-02-14 21:00:00,1.6364633051309412,1.610216669854992,1.934971820102203,1.9340949765845663
2024-02-14 22:00:00,1.7348580720553775,1.7137090935502983,2.046402678569666,2.045355654404194
2024-02-14 23:00:00,1.8605631332533483,1.843288875106223,2.1832486008087217,2.1832851360328047
2024-02-15 00:00:00,1.9823247495885818,1.966964572179852,2.3114203164847993,2.3203785986381398
2024-02-15 01:00:00,2.0930999813026188,2.0785637222554247,2.4257476428526163,2.4437862711135545
2024-02-15 02:00:00,2.26747888814177,2.2485181709485698,2.5919582049635,2.6139982922975986
2024-02-15 03:00:00,2.4042700843565212,2.3767125614056606,2.7125545792951034,2.723172539167984
2024-02-15 04:00:00,2.536893612435286,2.4891729932818656,2.8086734227663888,2.7896376557026787
2024-02-15 05:00:00,2.669880183898595,2.5993296583947108,2.90110203767958,2.8538149336630187
2024-02-15 06:00:00,2.6851213126310305,2.6078819137823883,2.904037174360921,2.848687435754438
2024-02-15 07:00:00,2.621884105177321,2.5480513194520835,2.8454440524379114,2.7924831828727052
2024-02-15 08:00:00,2.6843221131676995,2.6017015485697685,2.8930589174861097,2.830896931335359
2024-02-15 09:00:00,2.687428210784545,2.6008182947551233,2.8886371783584117,2.8214252564925753
2024-02-15 10:00:00,2.6167262146119685,2.5341512486604136,2.823379029937653,2.7586628609488626
2024-02-15 11:00:00,2.49295031841103,2.4233828032662603,2.720241414923126,2.670072718622514
2024-02-15 12:00:00,2.441534726894291,2.3736015115981175,2.6698979290152525,2.6209424625765956
2024-02-15 13:00:00,2.4773759142038547,2.397789989376449,2.6839889529275167,2.619821699195492
2024-02-15 14:00:00,2.4167668317645155,2.3365125059442686,2.619853693864104,2.5540685543498713
2024-02-15 15:00:00,2.283392245083343,2.213111570669778,2.5047299959459832,2.4457403896843037
2024-02-15 16:00:00,2.1762796418866985,2.1112824753161155,2.407765877270146,2.3505295298020576
2024-02-15 17:00:00,2.039999029969033,1.9824620595371252,2.286678155214835,2.2358547551686048
2024-02-15 18:00:00,1.9378523412172357,1.8872826470701083,2.1968039679141342,2.153732901272766
2024-02-15 19:00:00,1.843522833760626,1.801238971212199,2.117347036283011,2.086002475691393
2024-02-15 20:00:00,1.8232076007271194,1.7874563188334596,2.1093514881458173,2.0869312938667273
2024-02-15 21:00:00,1.8979584582168134,1.8679686781562186,2.196497197243777,2.1807561188649145
2024-02-15 22:00:00,2.0146439266088665,1.989575484528359,2.3252802127759318,2.321536714853866
2024-02-15 23:00:00,2.1449899640291252,2.1242954581018565,2.4662538389860282,2.4782935020662293
2024-02-16 00:00:00,2.259031391658696,2.2420226347860575,2.5877477251824224,2.613625092056595
2024-02-16 01:00:00,2.3634541053133855,2.3491994154097813,2.698872108436185,2.7331391285455147
2024-02-16 02:00:00,2.466914779992118,2.44877842015582,2.7973686995512446,2.8270693208818454
2024-02-16 03:00:00,2.5619681770755993,2.5311833983465712,2.869812880805179,2.8812205628132146
2024-02-16 04:00:00,2.698139076049136,2.641578444111851,2.959481319911312,2.9384235538875703
2024-02-16 05:00:00,2.7663878191413707,2.6964589716212193,3.0037828847313905,2.9665093029791776
2024-02-16 06:00:00,2.870819266625677,2.783980725611084,3.0806636333627475,3.0240307514924365
2024-02-16 07:00:00,2.882220757609015,2.7898817478664664,3.0826277771082866,3.0170773728307063
2024-02-16 08:00:00,2.8660157613702517,2.771446442198099,3.061381989526513,2.9906979840225527
2024-02-16 09:00:00,2.7451855809717887,2.6599210895375274,2.951015500518666,2.8882096503348955
2024-02-16 10:00:00,2.6173559115584095,2.5437267167117676,2.841133397267592,2.788311309630494
2024-02-16 11:00:00,2.550717647746739,2.482755223239327,2.783381075866357,2.736573582188564
2024-02-16 12:00:00,2.499504179728232,2.4340417486641064,2.7352753835585997,2.6909466216650593
2024-02-16 13:00:00,2.4473561336660756,2.3823291836832383,2.681816189182439,2.637084570502077
2024-02-16 14:00:00,2.400225257099786,2.3334407671194373,2.6292930386445708,2.5812580890439207
2024-02-16 15:00:00,2.342669005211594,2.2761321177482667,2.571135621545527,2.5212063241440767
2024-02-16 16:00:00,2.2796978789302353,2.2149524355415737,2.5116760831446134,2.4600970364307715
2024-02-16 17:00:00,2.1872461860658365,2.128354683237385,2.431003283364858,2.3825221141575597
2024-02-16 18:00:00,2.0521796891943587,2.0031206295416006,2.316305995308388,2.278120776663469
2024-02-16 19:00:00,1.9308755425585646,1.8936039004608536,2.2158471293098803,2.1905485703585987
2024-02-16 20:00:00,1.8660452745815483,1.8378342098939935,2.1676473175556463,2.1541133034506186
2024-02-16 21:00:00,1.8826731354007844,1.8609790476211057,2.197202873099798,2.1920937498976305
2024-02-16 22:00:00,1.9654666874218432,1.948017023731115,2.290151143962752,2.295047322391273
2024-02-16 23:00:00,2.0783237703577027,2.0641625720996704,2.4115687246185895,2.4301319646075616
2024-02-17 00:00:00,2.198693321398857,2.187003201003098,2.538608533086012,2.5699528670792966
2024-02-17 01:00:00,2.3130083201584677,2.3031366322649056,2.6564552223245474,2.697762358221904
2024-02-17 02:00:00,2.4118308441565954,2.4002505269667,2.7539282284576823,2.7932425596652055
2024-02-17 03:00:00,2.535604654981068,2.510306362003603,2.8536973919667745,2.8737465871180787
2024-02-17 04:00:00,2.694465698920848,2.638020597329712,2.9560125301836644,2.935528676298045
2024-02-17 05:00:00,2.9113710432595137,2.822681665489818,3.1201433375581673,3.0644127042980074
2024-02-17 06:00:00,3.095694080940525,2.9833247563037606,3.27385845432265,3.1933154687772993
2024-02-17 07:00:00,3.1193917647140803,2.9998121727928293,3.28690540071246,3.197379249009287
2024-02-17 08:00:00,3.1121712764381178,2.989654335886046,3.2742298205634297,3.180205135108404
2024-02-17 09:00:00,2.9737001740418423,2.8598776704206563,3.1417700823474712,3.0505588533594636
2024-02-17 10:00:00,2.747312088911086,2.65124548077113,2.9340736188601464,2.8566992793191566
2024-02-17 11:00:00,2.622999592556073,2.536721458101062,2.8228662319654894,2.7538508456609323
2024-02-17 12:00:00,2.501323874823337,2.42585650974373,2.7172091156939957,2.6592597679538237
2024-02-17 13:00:00,2.3770068995326428,2.3135309673377,2.611996790303207,2.568859049411061
2024-02-17 14:00:00,2.351028868686363,2.283746087492756,2.578143023113949,2.527889236421575
2024-02-17 15:00:00,2.292699535703737,2.2242738791039143,2.5176145481835985,2.461838551220408
2024-02-17 16:00:00,2.1678319258339247,2.104694662142176,2.403148475499393,2.3482606966042923
2024-02-17 17:00:00,2.030234418893075,1.9722631442377179,2.276092364991568,2.2245792912799605
2024-02-17 18:00:00,1.8582254882146458,1.811665044341205,2.124060524681425,2.0869497911224335
2024-02-17 19:00:00,1.7319929014143864,1.6937733754191948,2.0106505790902145,1.9898968344901973
2024-02-17 20:00:00,1.6785191026497746,1.6480964704635206,1.9703948917584833,1.9623407559616115
2024-02-17 21:00:00,1.766955264560939,1.7429304574589617,2.074049846398654,2.0687588136642705
2024-02-17 22:00:00,1.9640414522909855,1.9440820962828913,2.28380198239521,2.2849285468245526
2024-02-17 23:00:00,2.12230716848082,2.1075848745445867,2.455226439720005,2.4766511578659913
2024-02-18 00:00:00,2.268184230549021,2.258696873804434,2.6127593405618073,2.6540835373286966
2024-02-18 01:00:00,2.412881359748098,2.4072005935535397,2.7677878080242655,2.8183073001664534
2024-02-18 02:00:00,2.541070006414749,2.527792640489287,2.885478050429971,2.9294351745233933
2024-02-18 03:00:00,2.670568475997364,2.6353075754680897,2.977093854469565,2.9970869596969547
2024-02-18 04:00:00,2.7791745810668513,2.720507121222137,3.042572393662545,3.0328701452387867
2024-02-18 05:00:00,2.870591377148843,2.7935531898774175,3.100212141464432,3.066169724209219
2024-02-18 06:00:00,2.867177098224619,2.7841664158037855,3.08409435554679,3.0369315091831033
2024-02-18 07:00:00,2.830951534812142,2.7454562589848064,3.0409792284985144,2.9845320694863666
2024-02-18 08:00:00,2.764935392036204,2.6806288635992,2.9735353767777006,2.9135319795006307
2024-02-18 09:00:00,2.640097532105298,2.5640041025970115,2.8599636850981534,2.804898973986851
2024-02-18 10:00:00,2.5148467995203028,2.4503763665394276,2.7533548923734603,2.7109623999357306
2024-02-18 11:00:00,2.4539925997454524,2.393472886404587,2.697844218840563,2.6598265829519843
2024-02-18 12:00:00,2.387038441835293,2.3301150217407796,2.635434885512478,2.6015979590385703
2024-02-18 13:00:00,2.3243946760575103,2.2691419650673543,2.575027947000556,2.540577172500861
2024-02-18 14:00:00,2.294580813765456,2.2345197362798346,2.5356859740764723,2.491833689401972
2024-02-18 15:00:00,2.2007186912632095,2.1422389073740424,2.445297518761815,2.3982078369348585
2024-02-18 16:00:00,2.144423604378766,2.0827166792491307,2.38248614657501,2.328432477071287
2024-02-18 17:00:00,2.04623799196222,1.986109347458233,2.2874614932853805,2.2328364367862354
2024-02-18 18:00:00,1.9052093509693169,1.8540404375044288,2.162566657560862,2.1184116799601775
2024-02-18 19:00:00,1.7364151596473787,1.696153959049535,2.01130401447888,1.9878296099068742
2024-02-18 20:00:00,1.6296924084872357,1.5988419614788523,1.919164911059493,1.9136733219773234
2024-02-18 21:00:00,1.674017843976113,1.6505496775374764,1.979103629259028,1.9793177603671739
2024-02-18 22:00:00,1.8382122739446654,1.81974460103502,2.157968006857199,2.1566141358325437
2024-02-18 23:00:00,1.990850257824015,1.9756264870256497,2.320280586200277,2.3301312568101014
2024-02-19 00:00:00,2.1123284456521505,2.100577529941194,2.4508347599448514,2.475228601284365
2024-02-19 01:00:00,2.247877989186044,2.2366458251342705,2.5886413224918563,2.623544579668918
2024-02-19 02:00:00,2.3645105001822095,2.351945211652428,2.703191038767412,2.739821699661677
2024-02-19 03:00:00,2.4825329697503196,2.458976173754535,2.8018385373448704,2.8220027474076446
2024-02-19 04:00:00,2.602606052964481,2.555531681691395,2.8784609006101625,2.8643857190352007
2024-02-19 05:00:00,2.703196123775499,2.6342230485650595,2.9389804146544507,2.8966694484172195
2024-02-19 06:00:00,2.735027807935713,2.6553154984081777,2.9510249693583326,2.8948884076485855
2024-02-19 07:00:00,2.7347151862249324,2.6489680645818976,2.9392717320313166,2.8754171284540853
2024-02-19 08:00:00,2.764597584006547,2.671192639069288,2.956919098773003,2.8835332986316753
2024-02-19 09:00:00,2.7894032491483984,2.689741584561424,2.972045927001181,2.8911369163477807
2024-02-19 10:00:00,2.668320000193396,2.577607336156494,2.8613337146810807,2.7885116641691683
2024-02-19 11:00:00,2.5521335943875316,2.4712121021584195,2.7593662550197746,2.6952357530271294
2024-02-19 12:00:00,2.4559546203193374,2.384118041613349,2.677130817645291,2.6230605410378343
2024-02-19 13:00:00,2.398278731511758,2.3294280287584246,2.6231558563657216,2.57233358696609
2024-02-19 14:00:00,2.3043023529793705,2.2419976606763083,2.5410727225834324,2.494705372928413
2024-02-19 15:00:00,2.251875858809825,2.1883711079733423,2.486411464374956,2.434975887619926
2024-02-19 16:00:00,2.196629048933505,2.129946306919976,2.424719743841939,2.365983457023623
2024-02-19 17:00:00,2.0581258673433043,1.9967233774545743,2.2968555550720486,2.241097505054049
2024-02-19 18:00:00,1.88985773720281,1.8392046665420014,2.1481039706126492,2.1049559445180597
2024-02-19 19:00:00,1.7493578765223583,1.7081409469594615,2.0227276677901793,1.9972072692435652
2024-02-19 20:00:00,1.6411002769388177,1.6096257552994053,1.9297430747071485,1.9227123636227346
2024-02-19 21:00:00,1.7231919275260947,1.6981121353310902,2.026781028379865,2.022318100418258
2024-02-19 22:00:00,1.8652499312294133,1.846164898278762,2.1843843977323787,2.182327914867188
2024-02-19 23:00:00,2.0343067381799815,2.0182110595730918,2.3628165026163948,2.374560066511481
2024-02-20 00:00:00,2.159633027042443,2.147655678869904,2.498563036557774,2.526517239967811
2024-02-20 01:00:00,2.2971945996239747,2.287690667355075,2.6412705339297826,2.683580319304069
2024-02-20 02:00:00,2.4362741527916203,2.425135415942569,2.780331281374254,2.8215166552726934
2024-02-20 03:00:00,2.5821576080636928,2.5533163500198226,2.8954299096722385,2.912754878785155
2024-02-20 04:00:00,2.732965435251362,2.6748329783879727,2.9935399783316003,2.9753467394305164
2024-02-20 05:00:00,2.8333727272961156,2.7566657692477317,3.0608027455413094,3.020321888582615
2024-02-20 06:00:00,2.8041278685582163,2.725132523360034,3.025206244361747,2.9772539216760676
2024-02-20 07:00:00,2.7751765783248117,2.6944465430904465,2.9912334444379733,2.937335394922701
2024-02-20 08:00:00,2.738189244589745,2.656879228689794,2.951468982007949,2.893857698025926
2024-02-20 09:00:00,2.6375704445857453,2.56279944460467,2.859916064440542,2.8065177768202743
2024-02-20 10:00:00,2.5321112390806677,2.4666312000185178,2.769190159234625,2.7256631988286317
2024-02-20 11:00:00,2.4553125707362256,2.396503168876973,2.7027388796347696,2.667295620220266
2024-02-20 12:00:00,2.389774405313912,2.3352967450263704,2.6432640433801695,2.613148315251083
2024-02-20 13:00:00,2.319314652774325,2.268057146050509,2.577874475478846,2.549241419079355
2024-02-20 14:00:00,2.259321752356852,2.2083128337818367,2.5184658521563144,2.486259455844395
2024-02-20 15:00:00,2.2054800879548213,2.1515106081253936,2.4590404241264343,2.4192696005115195
2024-02-20 16:00:00,2.125149094335774,2.0693696458568276,2.3755226780400807,2.3295123925855745
2024-02-20 17:00:00,2.013081132934621,1.9593370922900961,2.266918589898824,2.2203593530817844
2024-02-20 18:00:00,1.8648743374423042,1.8193535595268182,2.1327201574581993,2.0962866743064597
2024-02-20 19:00:00,1.693966854694791,1.657572705880844,1.9750029805921914,1.958727698482579
2024-02-20 20:00:00,1.6239651445891543,1.5948025256031295,1.9164311339661901,1.9132374444072386
2024-02-20 21:00:00,1.7058242883560415,1.6822466676076984,2.011740574029785,2.010036883708787
2024-02-20 22:00:00,1.8484263473679257,1.830455154976398,2.169393056051557,2.168675671321149
2024-02-20 23:00:00,1.9799426628540446,1.965976788675946,2.3116207407520615,2.322534809855815
2024-02-21 00:00:00,2.1125764872412147,2.1016144637809444,2.4525787090194737,2.4779793292646457
2024-02-21 01:00:00,2.24974626636434,2.2389601064054876,2.5913432161965204,2.6269588319568187
2024-02-21 02:00:00,2.3685992241833937,2.3557603569606003,2.70684849127882,2.743195212513924
2024-02-21 03:00:00,2.488790673944211,2.463560236414015,2.804881547223014,2.8224100193655595
2024-02-21 04:00:00,2.593769394332803,2.546017827046765,2.8678463399914498,2.8519778071210755
2024-02-21 05:00:00,2.6803673909867625,2.611730608105559,2.9157767278204507,2.8722311070262996
2024-02-21 06:00:00,2.6712319557213133,2.595887735953389,2.8932903679164896,2.8399787978593665
2024-02-21 07:00:00,2.6540544892816587,2.5741983732943914,2.867010451855941,2.807242580318409
2024-02-21 08:00:00,2.596662650963891,2.51823773086367,2.8106745776498347,2.7509390354891248
2024-02-21 09:00:00,2.480968441969753,2.4142915050115583,2.7135909980928,2.6672031478695497
2024-02-21 10:00:00,2.410410699621846,2.351323237558363,2.6554168808426946,2.6186510350721686
2024-02-21 11:00:00,2.38924222963051,2.32971281275709,2.6323791882176426,2.5943567938692476
2024-02-21 12:00:00,2.3428450456737235,2.2850269958367027,2.5883323482373046,2.5510759939717658
2024-02-21 13:00:00,2.2819538579699,2.2269204311554374,2.5329001689763944,2.4955509707142913
2024-02-21 14:00:00,2.262418266987788,2.202689093593922,2.5041483977598786,2.4584895720815583
2024-02-21 15:00:00,2.240974054622225,2.1744976413792516,2.4695734415411663,2.4127819577669376
2024-02-21 16:00:00,2.1956027608057163,2.124557065179702,2.4147934091209873,2.350258043877956
2024-02-21 17:00:00,2.088217673020295,2.0205069351995624,2.31390052086124,2.249893044248858
2024-02-21 18:00:00,1.910444958988361,1.8552310259358245,2.1599835353937498,2.110697751412639
2024-02-21 19:00:00,1.7568653624974944,1.7130332254202998,2.0253824085260033,1.9962449502515454
2024-02-21 20:00:00,1.688784763303174,1.6538124060505117,1.9722923660505727,1.958348480608747
2024-02-21 21:00:00,1.728396964282735,1.7018118203786685,2.0292925782697697,2.022800582754104
2024-02-21 22:00:00,1.8490145764779058,1.829485424273288,2.1669588846354215,2.1642958456358987
2024-02-21 23:00:00,1.9845947418853191,1.969555069290562,2.3142792536672334,2.3239832073580526
2024-02-22 00:00:00,2.121725479384372,2.1097787815393296,2.459993390050075,2.4846785762960804
2024-02-22 01:00:00,2.230862398180103,2.220479914387914,2.573291508670543,2.60815994482518
2024-02-22 02:00:00,2.3649065334270736,2.351751693215235,2.7023110384754903,2.7378449526102977
2024-02-22 03:00:00,2.489733420346107,2.464339976548326,2.8054915587329536,2.8226925159062994
2024-02-22 04:00:00,2.61657845661072,2.565827426817066,2.8854562571115205,2.866020125587633
2024-02-22 05:00:00,2.7498912807513305,2.6741545618874216,2.9742262079642234,2.924691959918873
2024-02-22 06:00:00,2.768570010094283,2.684238217501804,2.977107057207371,2.916578758489247
2024-02-22 07:00:00,2.801965988468396,2.7089661055354486,2.9968619376929535,2.925354776484093
2024-02-22 08:00:00,2.8254399660609986,2.726861640168808,3.0117978760759585,2.933627844585246
2024-02-22 09:00:00,2.7598758665675454,2.6658017417030146,2.9508521485813217,2.8764600441007224
2024-02-22 10:00:00,2.649329571258382,2.5654144707694777,2.8545425646213234,2.7894421488241234
2024-02-22 11:00:00,2.5335413892871284,2.4616388134394493,2.7578845729786114,2.705315470982573
2024-02-22 12:00:00,4.093040293600462,3.93134192965224,4.254078696012637,4.171121230276849
2024-02-22 13:00:00,8.796550286906177,7.883623728426263,7.527942203716967,6.812408062495284
2024-02-22 14:00:00,7.201362786041516,6.738713758265499,6.76302164055554,6.383169118171556
2024-02-22 15:00:00,4.902964540704691,4.69794365231494,5.001943537212065,4.896088354083252
2024-02-22 16:00:00,3.7799246055799736,3.610151989937311,3.919238656946201,3.809864305740631
2024-02-22 17:00:00,3.054212476476891,2.9016624109606295,3.165424115823538,3.0385269204675325
2024-02-22 18:00:00,2.575246249960291,2.450861092724163,2.7031648691657644,2.5930943718857042
2024-02-22 19:00:00,2.370618484403806,2.266089751880311,2.5260943364822808,2.4350033561116544
2024-02-22 20:00:00,2.4101346624443822,2.308384754516091,2.5716534405696594,2.48510261777556
2024-02-22 21:00:00,2.342034677100919,2.2588836839004878,2.5385650401122994,2.4681556680169066
2024-02-22 22:00:00,2.391948216946768,2.3200255066796824,2.6107835820428815,2.5560532995813623
2024-02-22 23:00:00,2.469356188942273,2.409492993380635,2.7148813703190497,2.6769221839429855
2024-02-23 00:00:00,2.569280714473623,2.5167910610909656,2.8328845235789775,2.807359762568417
2024-02-23 01:00:00,2.7007905824104417,2.643617686138323,2.960425791962416,2.936097381688394
2024-02-23 02:00:00,2.932679366044172,2.8537936205361185,3.1620227509266483,3.128555118590399
2024-02-23 03:00:00,3.3645827824046215,3.2483638742129166,3.5579191865332436,3.497515738280753
2024-02-23 04:00:00,3.7632086807283907,3.6180159080120546,3.93405295821094,3.859670064574215
2024-02-23 05:00:00,4.20379573316664,4.043639530405322,4.3651033794051655,4.301386002369011
2024-02-23 06:00:00,4.499065785938166,4.349770117368341,4.69055476008156,4.648971220519215
2024-02-23 07:00:00,4.665269361860511,4.5269929939890545,4.873743899945385,4.841351929512159
2024-02-23 08:00:00,4.650774909831994,4.511039193398668,4.8562540205888345,4.822557094508194
2024-02-23 09:00:00,4.607673063888068,4.467360399072032,4.814408240443901,4.7811036461103615
2024-02-23 10:00:00,4.510395839910806,4.365330648113454,4.710921109159036,4.675255679594116
2024-02-23 11:00:00,4.348755409823544,4.193583635777804,4.525428446350366,4.476013609136843
2024-02-23 12:00:00,4.222804603274287,4.060673378315504,4.38194901463897,4.317666622502388
2024-02-23 13:00:00,4.159276519525912,3.9923906687862516,4.308551862825577,4.23303785710471
2024-02-23 14:00:00,3.9260215006694876,3.7643105894903357,4.075507127716945,3.988117789402064
2024-02-23 15:00:00,3.6751219605846694,3.520553117608422,3.826172438029395,3.729115153653496
2024-02-23 16:00:00,3.488400958900398,3.3443962813989905,3.6424630843336807,3.5452662940310673
2024-02-23 17:00:00,3.2776086206306325,3.14820227805744,3.4399504670814522,3.3477223898428976
2024-02-23 18:00:00,3.050097855853504,2.940582278001593,3.2302188475679907,3.1507637186215818
2024-02-23 19:00:00,2.868673180509272,2.7790616009215445,3.0736848396362144,3.01158419498218
2024-02-23 20:00:00,2.793568189545224,2.717374928954041,3.01985031039325,2.9735682524037723
2024-02-23 21:00:00,2.7959335543877155,2.7264460469678156,3.0361855997281353,3.001615770511911
2024-02-23 22:00:00,2.8541167509034673,2.784656192476803,3.098638530556933,3.0728945671080887
2024-02-23 23:00:00,2.9009005920219018,2.8318381331592732,3.150498066439478,3.135261009376156
2024-02-24 00:00:00,2.9604764929204017,2.8877476174382086,3.2083258195415327,3.1977182553982164
2024-02-24 01:00:00,3.0162192930106153,2.938589022709295,3.258710533934463,3.2478861616825525
2024-02-24 02:00:00,3.158169569816216,3.065427895689859,3.381255248454597,3.353245051129377
2024-02-24 03:00:00,3.477449727954829,3.3571581165151847,3.671268730069036,3.6162775830650165
2024-02-24 04:00:00,3.9334950770739767,3.784098368518176,4.1032713007431765,4.034403793592048
2024-02-24 05:00:00,4.326766196824527,4.166053084893846,4.492481549933829,4.429609671624568
2024-02-24 06:00:00,4.654173424966292,4.497699072679226,4.830323820537156,4.775755488582136
2024-02-24 07:00:00,4.693193552569528,4.534804035522849,4.86574618423816,4.8085453256774775
2024-02-24 08:00:00,4.586362536109978,4.423561036361864,4.753619989660978,4.692134737872186
2024-02-24 09:00:00,4.4288707537029754,4.26305134602057,4.590226013056971,4.524040423719793
2024-02-24 10:00:00,4.198093600334398,4.033789849827727,4.355117754781785,4.278737310876288
2024-02-24 11:00:00,3.971268549280929,3.8106172849269866,4.125308552665103,4.039644027620657
2024-02-24 12:00:00,3.768892827520821,3.612162177160202,3.9216342809495623,3.827538779235484
2024-02-24 13:00:00,3.6027359454286554,3.4523521700765776,3.7551887287531,3.657639539457602
2024-02-24 14:00:00,3.3851866523803773,3.2488295958344744,3.543803299217309,3.4498364609910195
2024-02-24 15:00:00,3.2517364420426333,3.124544116475181,3.415847265662727,3.3247896402794757
2024-02-24 16:00:00,3.2158578411755614,3.0902424955008825,3.3801213615116494,3.2884400216037646
2024-02-24 17:00:00,3.099694302273027,2.983062940588832,3.2708474356602166,3.1837974688519806
2024-02-24 18:00:00,2.8493563024320068,2.7567332870367305,3.0475741811464014,2.978828495611306
2024-02-24 19:00:00,2.7023810296760367,2.6314971551274566,2.934925594786616,2.8900332075999184
2024-02-24 20:00:00,2.671712728072046,2.614670748519499,2.9306729451648095,2.9048129891209813
2024-02-24 21:00:00,2.723242508778677,2.670338790734532,2.99377099905547,2.9802595212670635
2024-02-24 22:00:00,2.8033753597514672,2.748887471537585,3.0769564561954628,3.0738859737542077
2024-02-24 23:00:00,2.8876010175349993,2.828106423291097,3.1587862842845933,3.163810259681662
2024-02-25 00:00:00,2.9421163245228192,2.8783229667581267,3.2104362705863534,3.219620132527539
2024-02-25 01:00:00,3.029047114571619,2.954163286472982,3.2808345430348043,3.2814502142351234
2024-02-25 02:00:00,3.162394943009303,3.073203695200927,3.394563079863012,3.3781834162512046
2024-02-25 03:00:00,3.4701875631961543,3.3546180874110205,3.6729677377269154,3.627795610194293
2024-02-25 04:00:00,3.911088703205473,3.765547657388968,4.086612801053932,4.023358047440218
2024-02-25 05:00:00,4.153410226033218,3.9949404669449007,4.316901792109051,4.250498243236143
2024-02-25 06:00:00,4.246207995896489,4.082919976793599,4.405035606463328,4.335890684868145
2024-02-25 07:00:00,4.234773230003486,4.069896920852704,4.390982186380397,4.3182120906494585
2024-02-25 08:00:00,4.168223679018985,4.003165275177681,4.322370600087398,4.245132858197176
2024-02-25 09:00:00,3.97847865474589,3.8171102906882077,4.131158235684367,4.0461427673935
2024-02-25 10:00:00,3.7142346111351277,3.559162517824189,3.866663284030313,3.7721131533106247
2024-02-25 11:00:00,3.506450681079655,3.3635525517752387,3.6631946406392992,3.569955905731801
2024-02-25 12:00:00,3.326286368659266,3.1954727529240903,3.4895564254370393,3.399505240373438
2024-02-25 13:00:00,3.2779408071246703,3.1487989393483566,3.4405627733469726,3.3488196123586182
2024-02-25 14:00:00,3.2488139723894953,3.1192569961947982,3.4087595992604998,3.314112575665769
2024-02-25 15:00:00,3.0744522118139743,2.956500638797036,3.2414395681907835,3.1512084556814663
2024-02-25 16:00:00,2.9765898842407505,2.8639948503333454,3.1468879412039463,3.05736981995242
2024-02-25 17:00:00,2.960730042886498,2.847270374406682,3.128821099055429,3.0374649205569098
2024-02-25 18:00:00,2.75437381159283,2.659418217646564,2.943783333847158,2.8683407741273386
2024-02-25 19:00:00,2.600491410083462,2.5275643018484617,2.8256761901443537,2.773939401043734
2024-02-25 20:00:00,2.576948118694375,2.519228628503596,2.8310660469650526,2.799703001814343
2024-02-25 21:00:00,2.6080489635024047,2.5601573375181212,2.882775879001426,2.8671592965065873
2024-02-25 22:00:00,2.6697141469263577,2.625482201443787,2.955054933865707,2.951037020159456
2024-02-25 23:00:00,2.7569103749317314,2.708934866038493,3.0409199609618316,3.0439587329208995
2024-02-26 00:00:00,2.8505955404753656,2.7939393145957703,3.1244283251961695,3.129576622731667
2024-02-26 01:00:00,2.919741247319607,2.854680273623434,3.1820161287609094,3.183657872534895
2024-02-26 02:00:00,3.0412185221110306,2.960575949644102,3.2794139923693018,3.2659979261342786
2024-02-26 03:00:00,3.3005229132334355,3.193148801506155,3.505150689388901,3.4598373028220557
2024-02-26 04:00:00,3.7135546147293907,3.5719295822124155,3.887666859544289,3.81494726884217
2024-02-26 05:00:00,3.954273523725179,3.7989904656959825,4.115180128492926,4.038931374174366
2024-02-26 06:00:00,3.976986369714908,3.818071304731346,4.1329600792055965,4.052590940205107
2024-02-26 07:00:00,4.2171030883385585,4.0529200800486604,4.374402929519586,4.300147353291553
2024-02-26 08:00:00,3.921271977262082,3.7617625817736653,4.074700570896464,3.9883383964614354
2024-02-26 09:00:00,3.7354451535355775,3.580382457284779,3.8890878228835994,3.796128813348531
2024-02-26 10:00:00,3.6313358386954446,3.4810732941218605,3.785847701405184,3.691679333089539
2024-02-26 11:00:00,3.463431498046907,3.3243407612715696,3.623145914769931,3.531951328859479
2024-02-26 12:00:00,3.365031320074201,3.2316928590335636,3.5269759487722565,3.436023765463767
2024-02-26 13:00:00,3.33476768173523,3.2013776014683772,3.49459798369353,3.400907273760331
2024-02-26 14:00:00,3.2657981316806453,3.135206317790855,3.425248656391098,3.3303760695093056
2024-02-26 15:00:00,3.210274802971241,3.081251175150229,3.368387436133909,3.271895982004286
2024-02-26 16:00:00,3.039714521560732,2.9219511207113635,3.204985078379281,3.1125748939733913
2024-02-26 17:00:00,2.9036967084387837,2.7948740283843563,3.0764922530577903,2.9884758605059267
2024-02-26 18:00:00,2.724144312505369,2.6327327775337244,2.9183551330293316,2.8468248238147704
2024-02-26 19:00:00,2.595329730774978,2.523427233850392,2.822257476539844,2.7716202433749912
2024-02-26 20:00:00,2.551943009386367,2.4974701709369405,2.8115949732989165,2.7842666793240856
2024-02-26 21:00:00,2.5887439445727627,2.5424914238517564,2.866018172353227,2.8518169078389617
2024-02-26 22:00:00,2.657046697090449,2.613082722574144,2.942103771461467,2.936937442864593
2024-02-26 23:00:00,2.7439037253988197,2.6956037460121753,3.0260751703878843,3.0259515617837267
2024-02-27 00:00:00,2.811657881945514,2.7590021443984485,3.0907638649053424,3.096545969243536
2024-02-27 01:00:00,2.8697507480898334,2.8110037019153173,3.141138373627907,3.1471270665924047
2024-02-27 02:00:00,3.0222183603730643,2.9428097999097083,3.260936496270191,3.2471241634518018
2024-02-27 03:00:00,3.34558268743572,3.2338816183286507,3.545041978845376,3.494491641944959
2024-02-27 04:00:00,3.823691164963194,3.676071830426208,3.9921141930136717,3.918123590800918
2024-02-27 05:00:00,4.0474412623759415,3.8888344917659246,4.206690735046705,4.131389224524838
2024-02-27 06:00:00,4.072368593181121,3.9107822896828854,4.227968260934181,4.149660070660515
2024-02-27 07:00:00,4.12902872539185,3.965567134321905,4.28428983142641,4.2061845754303215
2024-02-27 08:00:00,4.100503643703645,3.9375146150271356,4.255628123357042,4.175782633256174
2024-02-27 09:00:00,3.9365298172221372,3.7767348281008433,4.090481761640976,4.003869695263206
2024-02-27 10:00:00,3.670057872077289,3.5169100895595236,3.8229923996408126,3.7274698154501285
2024-02-27 11:00:00,3.4461487807023587,3.308003565520494,3.6060289260194356,3.5150850308318606
2024-02-27 12:00:00,3.302195616027059,3.1737996961274226,3.4676636992859526,3.37952440970969
2024-02-27 13:00:00,3.2335760810068592,3.108815895496532,3.4002217568626456,3.31168058965689
2024-02-27 14:00:00,3.191131240066288,3.0671704393268677,3.3561629756044735,3.265406057179605
2024-02-27 15:00:00,3.1621813394337237,3.037322577705451,3.3237561157572992,3.2296796683450877
2024-02-27 16:00:00,3.149239736346664,3.0222588776086226,3.306478769386481,3.208764306855196
2024-02-27 17:00:00,3.0242902519329045,2.9048009714267344,3.185945583898874,3.0905513127498394
2024-02-27 18:00:00,2.7802303287743224,2.6814970810844145,2.9642928603553904,2.884748293962513
2024-02-27 19:00:00,2.620303587885209,2.5439594087990693,2.8395567453110537,2.7840004622661407
2024-02-27 20:00:00,2.59010831754829,2.5295715086627903,2.8391808116906074,2.8042301970815013
2024-02-27 21:00:00,2.6211723277141514,2.5705440110613975,2.8908954076108855,2.87172350542355
2024-02-27 22:00:00,2.7280137396895277,2.673760340513425,2.995813853033898,2.9804524094546885
2024-02-27 23:00:00,2.7731186440171913,2.7218727678178496,3.051205172168259,3.050239208910269
2024-02-28 00:00:00,2.834018584127634,2.779660499954904,3.1115720876725703,3.1186343755809642
2024-02-28 01:00:00,2.9325723996571673,2.8655094746760215,3.191545536235145,3.1911070546986924
2024-02-28 02:00:00,3.100887193221108,3.013342108627152,3.3297523083988225,3.3073188868187713
2024-02-28 03:00:00,3.417666581879209,3.300786887425149,3.6128540534733355,3.55890947496028
2024-02-28 04:00:00,3.8554533967235822,3.7066496492785124,4.023142655330967,3.949727270551221
2024-02-28 05:00:00,4.062293276007095,3.9033226260352882,4.221560837119403,4.146793104299653
2024-02-28 06:00:00,4.164723844510169,4.001233957524773,4.321146521823814,4.2458931060441305
2024-02-28 07:00:00,4.136124568992713,3.9723168297613967,4.291090376145405,4.213079205386358
2024-02-28 08:00:00,4.008149484991773,3.846649909554655,4.16179425671168,4.078379953894028
2024-02-28 09:00:00,3.8408195055259027,3.683280209506816,3.9945802740556915,3.9049137035042785
2024-02-28 10:00:00,3.624512929084404,3.4751688036791424,3.779871873807604,3.686807084570361
2024-02-28 11:00:00,3.3449370735260793,3.216251047628614,3.5129439825416813,3.428801057031795
2024-02-28 12:00:00,3.302101611728097,3.1757225729186582,3.470865270769544,3.386311280664018
2024-02-28 13:00:00,3.345815521508866,3.2137564253005757,3.50844573534687,3.417994216912144
2024-02-28 14:00:00,3.2811064197989364,3.151258437797011,3.442840426094488,3.3502676935037106
2024-02-28 15:00:00,3.2077905351308047,3.080928035099255,3.369261889221527,3.275566807575296
2024-02-28 16:00:00,3.121340831411821,2.9988126631930627,3.283936112467413,3.1903703898077853
2024-02-28 17:00:00,2.9850109697685188,2.871654657004116,3.154603750278791,3.0645726911344657
2024-02-28 18:00:00,2.7565987391835516,2.6644235942728933,2.9509823280898195,2.8794225304695322
2024-02-28 19:00:00,2.6098342472044975,2.5399136857562254,2.8411356281608726,2.7938014079657068
2024-02-28 20:00:00,2.5743548118318733,2.521464779827618,2.837991109130815,2.8136438942180155
2024-02-28 21:00:00,2.615749610093639,2.570467265560404,2.8960925781655367,2.8851616251571257
2024-02-28 22:00:00,2.677234675538453,2.63431227206781,2.965855860211801,2.965245919191752
2024-02-28 23:00:00,2.7459915930512415,2.701274294555498,3.036510429289298,3.0449490954341267
2024-02-29 00:00:00,2.8195062177118957,2.768425277800782,3.1033794184546064,3.1154721419990326
2024-02-29 01:00:00,2.902362133627018,2.8398221966499047,3.168771625857034,3.1732092351224135
2024-02-29 02:00:00,3.0363245058745436,2.9556621711018534,3.2738537949358393,3.259588428294388
2024-02-29 03:00:00,3.341735075846091,3.2303283009061787,3.541448694683956,3.4914474603261536
2024-02-29 04:00:00,3.787987871319657,3.64148793169095,3.956909925542645,3.8821698521046835
2024-02-29 05:00:00,4.016778011503596,3.858530988171716,4.1754378528445795,4.098680801984783
2024-02-29 06:00:00,4.029401117117696,3.8684197007329644,4.184321742514869,4.104004519865688
2024-02-29 07:00:00,3.9544560785483314,3.7941832157268784,4.107773119085035,4.023006507167321
2024-02-29 08:00:00,3.910469245079981,3.7512362208019594,4.064060711123543,3.977039533526136
2024-02-29 09:00:00,3.755185851009203,3.599696552335631,3.909034227760027,3.8164101428486084
2024-02-29 10:00:00,3.537551301633654,3.393835323549352,3.6952990437485203,3.603597169030993
2024-02-29 11:00:00,3.3310715758374,3.202150035653103,3.497710337901647,3.4116214442331887
2024-02-29 12:00:00,3.257699465065019,3.1332559388853016,3.4265214275086735,3.3408713224612594
2024-02-29 13:00:00,3.2517392189874115,3.125193290745392,3.4167128713589,3.3268995567692
2024-02-29 14:00:00,3.2418371097658762,3.1128081460256136,3.4021112909004745,3.3077848151259985
2024-02-29 15:00:00,3.1806180088623317,3.05303464653113,3.338973880830259,3.2425284373633563
2024-02-29 16:00:00,3.2326957451362794,3.0975283569274343,3.382600568969264,3.2796421127058464
2024-02-29 17:00:00,2.986777091228759,2.8679292872748636,3.147343393723036,3.051034229463799
2024-02-29 18:00:00,2.7368255731269304,2.63967516281,2.92163329835515,2.8429978387440293
2024-02-29 19:00:00,2.591953660428338,2.5162233610458387,2.811489719536615,2.7559317591811068
2024-02-29 20:00:00,2.562438754364321,2.5034287979667402,2.8135598586940724,2.78010012399576
2024-02-29 21:00:00,2.5653392661732246,2.5222228103390245,2.848184941892893,2.8382528618521543
2024-02-29 22:00:00,2.62397543456874,2.586243291526692,2.9204666876359866,2.9235086378699395
2024-02-29 23:00:00,2.6978046037373637,2.6590171526034716,2.9973496466895186,3.0093731225415263
2024-03-01 00:00:00,2.7643087358668925,2.72127651269143,3.0610953588247103,3.0792197975746154
2024-03-01 01:00:00,2.850535063858415,2.7955678516841864,3.1289882671719713,3.140398222684473
2024-03-01 02:00:00,3.0198900149769323,2.9407635443649363,3.259054646030172,3.245682924823647
2024-03-01 03:00:00,3.302477976431108,3.1938244685092902,3.5044980713519642,3.4561576442791413
2024-03-01 04:00:00,3.729962161284041,3.5858648004915725,3.9007069284210973,3.8251752140851667
2024-03-01 05:00:00,3.987628856473903,3.8302554423217923,4.146607863145528,4.069035637843177
2024-03-01 06:00:00,4.026730253654474,3.8659465949378697,4.181897804569587,4.101610873241147
2024-03-01 07:00:00,4.083979241149858,3.9210130697824903,4.23820397480581,4.158038941882354
2024-03-01 08:00:00,4.090825425472781,3.927750617222749,4.24539410618235,4.164921046316744
2024-03-01 09:00:00,3.8629489771417655,3.704688965260565,4.01645769040207,3.9272375259868784
2024-03-01 10:00:00,3.707332332307937,3.553003494979484,3.860623173414959,3.7664182428712007
2024-03-01 11:00:00,3.559584390088698,3.4134060748198936,3.7150288018705804,3.6212835515424047
2024-03-01 12:00:00,3.5887622818391485,3.439084863142949,3.7412023830336922,3.643560362073162
2024-03-01 13:00:00,3.54861422971839,3.399659266677016,3.6995028921608197,3.5991985095659635
2024-03-01 14:00:00,3.4438211065386652,3.2988145988147104,3.5931824066289266,3.490948474664595
2024-03-01 15:00:00,3.3322169489993403,3.1917433649235964,3.4806419263782846,3.37725141643126
2024-03-01 16:00:00,3.1592645614648975,3.0289320540708453,3.3116107075766505,3.2106578843855913
2024-03-01 17:00:00,2.9551151252399155,2.8378983290495534,3.1165636170184237,3.020806020615236
2024-03-01 18:00:00,2.7012630980064998,2.606542540579477,2.888742110527802,2.8125118440920653
2024-03-01 19:00:00,2.551785637405729,2.479177698299459,2.7760111017259015,2.72372277779867
2024-03-01 20:00:00,2.5186785144645145,2.463741380335891,2.7764306644511314,2.7480133929399817
2024-03-01 21:00:00,2.5658714895827472,2.520904861115517,2.844953354741844,2.832044552108224
2024-03-01 22:00:00,2.6220030077365437,2.5836700375565442,2.917084203654101,2.9187989362668287
2024-03-01 23:00:00,2.7093677664622686,2.6686671641056394,3.005474591293872,3.015102677843057
2024-03-02 00:00:00,2.799925336523701,2.7514937916519244,3.0877800850961368,3.1010364159030295
2024-03-02 01:00:00,2.902928996922671,2.840681864805713,3.1699885847682236,3.17482844568602
2024-03-02 02:00:00,3.071626127799583,2.987652590047711,3.305497082618551,3.2878441720830325
2024-03-02 03:00:00,3.3471623288818653,3.2365909614875568,3.5491914061382155,3.5013411950279054
2024-03-02 04:00:00,3.891901787466523,3.7428817395974647,4.0607602279984,3.989700992525147
2024-03-02 05:00:00,4.32694380751401,4.165014685699901,4.490826598251201,4.426253629797824
2024-03-02 06:00:00,4.528423392037115,4.364987847433571,4.69556153125343,4.634342297257662
2024-03-02 07:00:00,4.541231525680415,4.3765405751980815,4.706270109151054,4.643279069228864
2024-03-02 08:00:00,4.4866149714382795,4.319818222088433,4.647969745115707,4.583172895159059
2024-03-02 09:00:00,4.330951330025928,4.165634575901744,4.490329528806383,4.419718807292767
2024-03-02 10:00:00,4.135720932978791,3.9718945282269185,4.291344274558951,4.211847373141919
2024-03-02 11:00:00,3.883393560794187,3.7238700373717566,4.036297297274246,3.9457943452890567
2024-03-02 12:00:00,3.5795644418641985,3.429517075042502,3.730592748036095,3.632063283077827
2024-03-02 13:00:00,3.3350054045609534,3.2006553346206346,3.4930975611312154,3.39865324348248
2024-03-02 14:00:00,3.270529163112154,3.1389543125285835,3.4286441021211207,3.3330430848418464
2024-03-02 15:00:00,3.1971524716225703,3.0685360279844565,3.3549747542611335,3.258304256149482
2024-03-02 16:00:00,3.0841762461500086,2.9615994570547715,3.244175703140629,3.1485381192674238
2024-03-02 17:00:00,2.909851007920839,2.798552515326841,3.078827816744661,2.9881456255567187
2024-03-02 18:00:00,2.715022661485136,2.6220689892774613,2.906216925193044,2.8325906057464794
2024-03-02 19:00:00,2.5898908869726887,2.516720428566931,2.814329324536991,2.762167026432296
2024-03-02 20:00:00,2.593080818209129,2.5327246948365825,2.8426933473215414,2.8083170595662676
2024-03-02 21:00:00,2.6486263420917866,2.596608600890402,2.9169085002653876,2.897722920953366
2024-03-02 22:00:00,2.759797549938054,2.70569211172885,3.03039183827765,3.0201886737195074
2024-03-02 23:00:00,2.8858679522127035,2.8231672254049895,3.1489344982952905,3.145460698429622
2024-03-03 00:00:00,2.9796973979448382,2.9085424758361835,3.2343274458791775,3.2327445023571633
2024-03-03 01:00:00,3.0220600509639857,2.947223915828972,3.27295158361268,3.2719784881196188
2024-03-03 02:00:00,3.1567162138439797,3.067322350862579,3.3878038061074403,3.369994219904602
2024-03-03 03:00:00,3.558490304451403,3.435238079974798,3.754227386942413,3.702517655662849
2024-03-03 04:00:00,4.042587915284855,3.8912253259824507,4.213548702741398,4.150374739760073
2024-03-03 05:00:00,4.034492440928178,3.8786658630422974,4.197537787286484,4.127215808036068
2024-03-03 06:00:00,3.988224619715479,3.830101215629806,4.14553911603193,4.068546152572103
2024-03-03 07:00:00,3.993627944491692,3.8334636138048563,4.147936466241454,4.0677714924603245
2024-03-03 08:00:00,6.600088257758068,6.307685080549047,6.471390534439628,6.246251890320873
2024-03-03 09:00:00,5.734608309174919,5.517438383052666,5.777165566566659,5.6500476930146375
2024-03-03 10:00:00,4.750038024219756,4.584729291719992,4.9113105284351555,4.845874056208868
2024-03-03 11:00:00,4.376194483928058,4.210636354774771,4.537193443125047,4.467329321694556
2024-03-03 12:00:00,3.948829606781907,3.788932667827233,4.104927661322665,4.0161724105501335
2024-03-03 13:00:00,4.9932427779284145,4.812254759919713,5.126050682351501,5.043001326996537
2024-03-03 14:00:00,4.933355265416585,4.7522287756866035,5.067223729151045,4.984377855211525
2024-03-03 15:00:00,4.6910325029615745,4.51749588192141,4.841453879372222,4.767367177571544
2024-03-03 16:00:00,5.374628768533041,5.157305184600901,5.439155031665284,5.316889982620971
2024-03-03 17:00:00,5.2518845049140905,5.039357146786682,5.330409036075391,5.2136345155624015
2024-03-03 18:00:00,4.507292009046739,4.328883907404708,4.653030226896963,4.57466301495711
2024-03-03 19:00:00,3.7652667789134378,3.6036372939716235,3.91448860941396,3.811700741553442
2024-03-03 20:00:00,3.3065056083524693,3.16620821966765,3.4537949467493227,3.3491298014605273
2024-03-03 21:00:00,3.1823234711754282,3.0605880290870915,3.3510303757713937,3.262393450518237
2024-03-03 22:00:00,3.2029426579229794,3.089116745037945,3.386915050609031,3.312877296144054
2024-03-03 23:00:00,3.230881809910599,3.1241955547813545,3.431441283841359,3.377021186399921
2024-03-04 00:00:00,3.264049843538612,3.1610137543790437,3.476519244624401,3.4380071296711483
2024-03-04 01:00:00,3.3949921373718266,3.286366075959671,3.6057504468189543,3.568968713486633
2024-03-04 02:00:00,3.6782562055190793,3.554498894828189,3.8807892209927455,3.835419620637265
2024-03-04 03:00:00,4.109242937049806,3.968273730925755,4.300942834449192,4.257383673166077
2024-03-04 04:00:00,4.657931644020161,4.523613781921268,4.871398987472218,4.84243570737248
2024-03-04 05:00:00,4.8249456727483,4.698671298382905,5.049810914272449,5.027933287553471
2024-03-04 06:00:00,4.899878879131162,4.772180233212334,5.120940561500272,5.096752131659623
2024-03-04 07:00:00,4.959267022900283,4.8292017580006705,5.174820611472356,5.147423221270981
2024-03-04 08:00:00,4.889475473730861,4.755315406464648,5.098692613418066,5.067332583737977
2024-03-04 09:00:00,4.794822454313514,4.659249859111662,5.003342775601556,4.971444085717778
2024-03-04 10:00:00,4.702564855196506,4.5634879575151945,4.906875906424842,4.872259652466632
2024-03-04 11:00:00,4.528260870448367,4.378529213653555,4.717889085247445,4.673616723117918
2024-03-04 12:00:00,4.459151367108855,4.303239626876743,4.636838742002831,4.58732600138129
2024-03-04 13:00:00,4.44959440417799,4.289346218763541,4.62007135894833,4.565553346395826
2024-03-04 14:00:00,4.4383688176766345,4.275083605613662,4.603698649245896,4.544115707800943
2024-03-04 15:00:00,4.2862299237298,4.120178349586088,4.441853015952208,4.371435403196074
2024-03-04 16:00:00,4.117218009151172,3.951509228874906,4.267680281953327,4.187785601342998
2024-03-04 17:00:00,3.838499799018009,3.679653938851668,3.989630216998106,3.899333131891525
2024-03-04 18:00:00,3.4606577162951146,3.3240860820727094,3.6242465448037615,3.538395517451442
2024-03-04 19:00:00,3.1697298781322947,3.060463524448096,3.3595412778201124,3.2932946354715744
2024-03-04 20:00:00,3.040736102250957,2.948928512049604,3.2544343300010334,3.2092883844877838
2024-03-04 21:00:00,3.0226790051520145,2.938440628823472,3.250941278415885,3.221582237033699
2024-03-04 22:00:00,3.0534558455817242,2.970358350771178,3.2878284146087546,3.267676222851909
